PC1,PC2,PC3,PC4,PC5,PC6,PC7,PC8,PC9,PC10
-14.500833436111702,-2.182179975220582,-1.999196936105431,2.306759678078231,0.39196869088810343,0.03107670850170718,0.4796112197392598,0.0983926467678697,0.31894809114325884,0.014845787795413769
-14.39506590169282,-2.283314244755465,-0.8644983302609581,0.993150265818239,-0.27483697689361003,-0.4041368014280927,-0.16247248258286737,0.0668952900758595,0.7595600124424966,-0.6824284334964008
-30.07382112977633,5.393228125726024,4.535532009314483,-1.272164308385858,-1.433668777728355,0.10564093772804826,0.398627562616242,-0.24740759360214762,0.20500277160928518,-0.23771843716479985
4.494610579579547,-1.8387315663160637,-2.4467935659225124,-1.5202857379574912,0.650311289020107,0.5274995754207382,-0.15125324697888226,-0.3955538776176398,0.15748631614655834,0.43775867200026597
12.836439888531947,1.2210928091471764,1.2355345391930967,-3.068902642687028,-0.6333066300575584,0.13895903303564314,0.05055690707593272,0.310579006815488,-0.09611121249074317,0.4513939692157954
-15.445102696912242,2.069720147077299,-2.3458785719820927,1.3353553651284469,0.08139897154891479,0.38704256154983346,0.26830900083203185,-0.21028902195190977,0.9531341337203192,-0.3054869686773189
-25.63865601399237,4.636171806777768,0.34891953189826164,-0.10187272079057043,-1.5736718176380637,0.2019303776974127,0.4571313519189961,0.498146982101357,-0.2398102808237218,-0.7968631250361072
18.59785000946303,2.8361814007813115,-1.461959763759334,6.048466290270842,0.41865811625251287,-0.44094532086985466,-0.10117559184324815,0.4692385721887231,-0.04845924959829206,-0.5251590951037756
-9.486535826086028,3.8233998196309287,-1.7350162036084622,-1.1043506449135365,1.0054700727769896,0.10244498661000566,-0.11700938472275814,-0.2318380286582128,0.4814021174637371,0.08191486791980022
-12.652472492527465,5.734289657110996,-1.0739514408707285,-0.9320508443263223,0.7625574514201967,0.36264961986142924,0.6856298325122019,0.5762203379720555,0.2767357785036331,0.12630620218285749
6.950353535359999,0.886165274772147,-0.6278746744192918,-0.9968235363590884,-0.26972526870217967,-0.13094163485929647,-0.19750372295453322,0.32832051477434504,-0.3142762504803939,-0.04007070434566621
3.685040246452359,-5.763464360407936,-0.6057134417297867,0.9431676596385106,-0.039141967194077434,-0.17884615483279132,-0.22649385518755125,0.3390877436240784,-0.055929598176163296,-0.4572090051429036
-12.687215644525557,2.1520804533293507,-2.3969050641963925,1.1672891407785577,-0.12559818972881243,-0.693618074129956,-0.2440212377446209,0.6480193742268628,-0.33689382036119025,-0.037736119049190754
26.16915767603009,0.7879238330756626,1.1327666158977243,0.9209093924798413,0.9908088245848691,-0.9405997987556217,0.15192233957504536,-0.05202540140801328,-0.011526275011766037,0.15753615376482075
-23.781200400217802,0.09948533853017186,-3.606244857147835,0.12774209267625453,-0.6771689573222597,-0.3157929512446209,0.6713066868571467,0.005606339287383696,-0.5928421643526998,-0.7867964852635106
13.371079305226916,8.629586371497515,2.784165331711309,4.99782232000773,-1.3160391860007143,-0.02913602963472103,-0.40723897586877006,0.04672603719788567,0.8413384504379966,0.16699444979906025
23.72859282361007,3.1624749481259826,-1.5010584631173507,6.273411281655552,0.25789620114570766,-0.42819426797716026,-0.30867291428505894,1.0563659342063785,0.10553878955596785,0.7149535504072309
0.5820602516186488,-10.281801872044733,-2.8533587083349468,2.69136037432201,-1.7596534654178801,-0.37460052694128476,0.8221826623677931,0.020641342778188798,-0.583362340952149,0.47573086376570406
-10.326592549993036,-4.489464531264556,-1.7992659269746436,2.022722620876366,-1.7541907433116544,0.6960333759263898,0.10682424706563665,-0.06777803512988151,0.7310599524881775,0.15761474244792045
-11.337606990358426,1.2213818045924107,-0.6003618161241305,-1.7485763899609115,-1.5325855820108067,-0.07727120521265118,0.5051048891548081,-0.258155209253671,0.43283415524233265,0.12156923515867751
-4.554342956650054,5.342255414583574,4.114448881787251,-1.3468374931806628,-1.284824525646978,0.5827757095517613,0.17242238400209273,0.004287246040973709,-0.08389148336129817,0.5419807662433933
-6.306016081971977,3.823820090209181,-3.607782649165065,-1.1303147517192278,1.4200199942331084,-0.1398607682898645,0.08094538609814944,0.7510581235990578,0.8139818370371936,0.01941239039682519
-23.135743115232387,-2.768162673321545,1.7730536082701878,2.259945009898049,1.4057659581733042,0.457874304811449,-0.734658879125495,-0.2815130471951411,-0.16717740111431625,0.006943709284844094
10.772660404444972,-0.46740845026360983,0.9834463857609942,-0.47965013249812566,-0.4967252924846576,0.3283415083424032,0.35658009716294214,-0.0834954275059588,0.015929696677837904,-0.1299901951116915
-54.64949715955682,6.528136753642587,0.8239050683598969,1.6362072394090033,-0.852216718791795,1.85560205626182,-0.4340599235292902,-0.3559723403101855,-0.569169038698652,-0.33212897296637134
12.602224726233493,-1.4764270826188561,0.5347698714066567,-1.4984502598155762,-0.068341855720183,0.5745174791466882,0.11025610539664273,0.5158830519234653,0.6078635547358755,0.19450556310782768
-19.535832008290818,11.065420967213079,1.7529580494968953,-1.5643074446702387,-0.6416962043637128,-0.2726149687217781,0.4995569513023804,-0.6036106486680685,-0.20514871196981138,0.20489516358961796
-12.810496102388724,2.7760838726399504,-2.6421317366508976,1.0940242035940733,0.1510751275192453,0.5122463939091484,-0.26350672847943135,-0.22966924051085866,0.6400297464999483,0.677457444745243
-24.51143468254079,4.019722245438964,-2.4737193038978034,0.23194763379674713,-0.11224102937055731,0.25650614522903226,-0.18300342523374669,-0.20485166286955075,0.3924835642826121,-0.40184900807409335
15.974819296989013,0.8296167991800638,-0.36472630559741975,-4.205049343712885,-0.0949931672834672,-0.2528208085815646,0.08273266212542134,0.3482168040633205,0.13508325674978192,0.4808090770261397
-13.017333469421677,2.613095117725535,-2.8461289525953153,0.3212101788326161,0.4055470396108411,-0.7626811326651377,-0.06280866615233395,-0.31637422425630707,-0.22414073928475084,-0.018533485742857164
25.369944565398885,-4.888167211229375,0.5052226665070394,-0.3378239379753633,1.3875403026066042,0.2592341881746225,-0.3306212857439924,-0.19761837883259148,-0.09855140087799186,0.25412500427204354
15.642060873701347,1.85347816961099,0.1392481782257069,-2.6397334494900226,0.5823961685548271,-0.6712826545447774,0.4366562153966005,-0.23271639872827257,0.7587294056632186,-0.6354246658627207
5.9548256276886065,6.007382036529059,1.3477023748606676,-2.7420874333994503,-0.603459126676776,0.13748491385414208,0.060445565948559904,0.18347831514376056,-0.2531441438535519,-0.025653530216673364
-7.011962362460668,0.6458479784860405,-3.591997984240734,1.3135856736521427,0.03158615147567552,-0.2579034552141239,0.1005029038616346,-0.3483033575270896,-0.8685568774730411,-0.7188794497095854
-48.503063511865136,1.334105522357615,-3.9335274087431094,1.743336162646793,-1.4936354415844804,0.4312034700110797,-0.3618656968660003,1.1467237429484818,0.5101197820704817,-0.062441831924410926
-19.869292237416477,1.0365696680349568,-0.35931580336853614,-0.8294892568823445,-0.7750369683088981,-0.08239076158673271,-0.19934151234570718,0.6635681463783349,0.599233647845646,0.4544515892353227
8.519007179516803,-7.801563327312499,2.031463195630556,-0.7159350042863135,-0.8792230507121734,0.29256132961675674,-0.726782802427357,-0.7992165093125816,-0.01467506323698092,-0.25802770339869197
8.603831998774865,3.442763378927729,3.513641559326206,5.450332910233879,-1.4986896235767055,0.9270792792269884,-0.396347582209985,0.27006568289865013,-0.10047676567310258,0.47496902283817105
21.98172398669117,-1.3483321309076293,1.0056548058884989,-0.7590565437729077,0.3497610862010744,0.4685301802323865,-0.44074254973735444,0.8738857787294583,0.7752420332133452,-0.07032727195033979
-14.003175090574969,2.54425660913405,-1.5072271180142693,0.6090814199500965,-0.285459577503273,-0.15057950328863334,0.08480329850067576,-0.8536083639466939,-0.484698327031691,0.4414848979547135
-21.007466564225705,2.2874883203440812,-1.699014817761835,-0.29929694241451815,1.3773552478584117,-0.5211068654138182,-0.8022310191641705,-0.006373582688171877,0.1275392951662255,0.2329517931725438
-8.382739748577793,0.9472957385657815,-2.137330668116474,1.0074897791938977,0.38714202724227925,0.969897558401116,0.03328250659853215,-1.0839262680497899,0.2720596103145172,-0.06406922038574281
-14.16630548449715,4.147120037841857,-0.2211416353063928,-0.9690841577451383,1.099827436513843,0.39842100017315046,0.3395344762552232,-0.3581432263868996,0.793770189202031,0.26558983120455676
-32.07514218950759,-4.294460570926922,-3.6035586984726105,-1.2273925297197705,0.6180700352934947,-0.589565950905402,0.07017290249183773,-0.05730390097844571,-0.16498934375802085,0.22984158639788402
23.97895493253359,-1.3741173070414872,0.28602872769527493,-3.517918033809811,0.16274979554592067,-0.7477422880659708,-0.5186710557443776,-0.3070761938145432,-0.36746544524880953,-0.40428131919526067
25.811018570695655,-0.3617512467327188,0.9966514468645767,-0.9099214271935215,-0.5841360940174559,-0.07957933921232392,-0.37542597814337864,0.5707159319692602,-0.4739964777291504,-0.045379587590670116
13.151645319346523,0.07783826904442963,-0.4544595979732,-2.7041541234771698,0.7604269829024122,0.05750300086796375,-0.7811927273682511,-0.7931898641121494,-0.018798808092857746,0.18323465221909271
15.342446651063543,1.253638040293565,0.7977795139728694,1.0922370110362591,0.9604711714097546,0.9837997190423943,0.25548973283480536,-0.3227696784842845,-0.18227314963103394,0.56639755311441
-4.368390978665456,-1.6873647392078326,-2.8990091854894318,1.8164217189963876,1.6627942950526144,-0.010999238416127348,0.5503569998866494,0.10279588088898464,0.3721236182837382,-0.06592213892302926
12.784553458350368,-8.359996674522367,-3.452250625343406,1.8790382730916226,0.5619705399212724,0.7016848652129787,0.039060825992175405,-0.03116969224570975,-0.24140193015875502,0.053687572122228154
-16.18135656291575,1.9379548304080358,1.4912431956162813,-1.8343090215392728,-1.8005636993544782,-0.5709923064247564,-0.25629577600848713,0.10001467909442094,0.12891433704732796,0.10083183708410112
-27.88431234334771,7.849269702298688,2.262549235788169,1.59960733445544,-1.5340830310198146,-0.2151407652690668,-0.7199104633576395,-0.47396980968489405,-0.3854692270094183,0.1297365067588859
-29.6301950389301,-7.922774209877639,-1.9803709838789798,2.180622145231023,-0.16130555208348626,0.5371596290585403,0.08823730819451159,0.29912158461284777,0.35441597236229616,0.02047909490804003
29.490374550086575,-7.540699900907513,-2.898297395879026,1.1417859506525014,-1.4784576804743284,-1.2597964603613505,-0.6440346133432223,0.4125829658053138,0.19751391553343137,-0.3275068020184085
7.528209063431841,2.0774357313626655,-1.1774488573116704,-3.555174410585015,-0.3974289705058328,0.5486854033828451,0.13857100247261162,-0.07842986872599628,-0.1493928653914902,0.17265755905472213
-20.74893276778692,3.9769470173526993,1.5610167122232281,0.5654841730647583,-0.34667092672467853,-0.5877401118434545,-0.1543384722552475,0.03188834743063641,-0.07936502562566985,0.17712966877889186
26.035535988729638,-12.112921505755645,-2.012778709039815,0.7543567368555117,-1.9206766106201434,0.4508305629085055,0.376979708650749,-0.14267640234649132,0.05125842448823253,-0.36245154086461834
-10.241784706225271,-5.246550704782054,0.32358379396908443,2.173219175683315,0.2652542599713896,0.3779102348754617,0.021770649818646227,0.32340607877134886,-0.3804905473827207,-0.3277070686643709
24.720859944322477,-3.2911152243073385,-0.9236965969809657,-0.849285471789612,0.043067130747238946,0.6965123587586264,-0.2835624231295622,-0.2870581835823676,0.09809849580507565,-0.042941187302754584
8.101685261364793,2.5023372731089886,3.8142952012033464,-1.7915684455435268,-0.05351346827254448,0.9485144406567875,-0.16554831194669598,0.20353231495377097,0.06763689615345865,0.5372451658979954
30.398137678054283,1.6031974219895693,-7.640601005039468,3.1677985777060624,4.430323090878523,0.4949194143134536,0.0752299021852322,-0.3816634895479618,-0.33607906313835345,0.22101655970955225
-18.163863998940904,1.3818007950506381,3.4006330606497386,-3.3549283812141217,-0.6670173157075664,0.15209918754313392,-0.7317208001257515,-0.055106573642661166,-0.16745498333655753,-0.14427478895742157
1.0282503675415549,1.9509281751620933,0.5106688206945852,-3.357358137081413,0.22210536490901048,0.31735763747221196,0.034420263747912856,-0.2417218974054127,-0.5731200256727841,0.2074505699200075
-27.128021769405045,-8.137185284686716,-2.602946474114753,2.0999919782059506,-0.4228975717539245,0.11380807912859002,0.010241465004071438,-0.79788909120147,0.4833667796895995,0.7537033118768526
-10.317844019756997,-2.8133273195212096,0.6235352404576355,0.08640766480545341,-0.008646808227809532,0.2427170529014952,0.26848520409985877,-0.0869149707145699,-0.18763882583490812,0.20502131936511847
-20.30781945998142,-0.03263802662355103,0.8737077909597272,0.7862093840279475,0.29671552015273134,0.2813810910922903,-0.3474832168031562,0.038916180178156866,0.17560094870279536,-0.5142234576563465
-4.533715935457923,-0.3826750938200572,-2.088913765640301,1.0525488640009504,-1.0248014041976212,0.6362083601086606,1.2282358304049044,-0.013495672758449335,-0.13427423993894333,-0.03265387624295318
-13.764759805287447,2.859497799328037,-1.967367099815647,0.7588244458055964,1.2999235130985647,-0.3649819049116344,-0.13287503289138752,-0.7420803185342179,-0.4497142532522652,0.5686437996003028
-23.763408861948847,4.13455802467802,-1.9720414868433165,-0.0034617209221627933,0.41103169968552833,-0.2058073386407901,0.4379187532183777,0.16003569907455747,-0.2627900781752817,-0.055384776240299416
-11.179317701910295,-1.8402322495073693,1.7253134959198422,-1.8328241261769282,-0.46900094680333015,-0.4332912082506037,-0.09982858162679488,-0.7817454431246416,0.6106817804946312,0.19615276975844445
-3.706286966180669,-2.235849834067508,2.8671129919656084,-2.847116120205765,-0.18533815739419782,-0.03098960491776207,-0.6258558438894067,0.3980462814961727,0.08453072593416679,0.222454197099669
-12.330982542707886,-2.8510453917204104,-0.6129872927798061,1.5420400395508653,-1.0885639513805392,-0.22249602964800783,-0.10434429118345799,-0.03933765744050515,0.34129522136740575,-0.36794603239477697
14.073233894481405,-2.7079855170208966,1.5085298606449375,-1.0379805343075181,-0.870534404282014,1.2874173816019958,0.3057662502970602,0.4946692301688802,-0.045391759484284006,-0.5652919303508199
-20.240901230789667,-0.23158267972810578,-0.948315713783434,1.6494279549242359,-0.45345826119571947,0.4752016736195042,0.5197383899851374,0.14118635137061122,0.40711713292133983,0.38871365298409416
-22.18681796139088,-0.2046457013731127,-1.350492904952293,-0.39179868836319875,1.221813371366088,-1.0669901215026754,-0.0033605489591587447,-0.4542832952340087,0.020897477409018417,-0.059593921301594306
9.486499327121324,3.7512292882629756,0.7175070044529235,-3.4772685229195734,-0.9091994644377599,-0.38245986656790476,-0.12013837353531315,-0.42722702169025556,0.3248548719961436,0.2034942856202784
12.594736558430466,7.948100404881184,-0.5870684716226334,1.154278449479221,0.025904031526159086,-1.2967007367296688,0.5211268642856604,-0.3717515075166393,0.17493415683676963,-0.28117260324483007
-16.000687782841293,2.7714104245152527,-2.1510250642169457,-1.2161122941564106,0.9202252329239483,-0.28621885343487236,0.16034057987059538,0.405691781637595,-0.41661549446207624,0.7405337719364601
24.12724974061161,-3.844021413547474,-1.560348857857368,-0.03250178591737413,-1.1661910844848902,-0.18603369724881488,-0.03731764353846571,-0.9942812123662984,0.22238417638243396,-0.04895213966807475
-6.683260019562401,-11.893115200547426,11.318729776861097,0.047280373596779675,0.4359237346535584,-0.9904077462141244,-0.18875776863077248,-0.6559688492667209,-0.4514134751578381,0.0478075891192765
-1.3924012638778607,6.632559067383644,5.156085935485973,-1.36764853599973,-0.3193357299558077,-0.685080151883203,-0.7597787774460653,-0.4514344743970534,0.20743114362737894,0.052908384647349926
-6.981502680297986,-1.7687480976151608,-2.232782180427486,1.023694715859777,0.4439917015256205,0.4648598684103452,0.21609612586314636,0.31395072141440156,-0.12092269943186858,0.5837374898169615
15.129527014202703,8.482666225338741,1.394264812156864,4.664016265158995,-1.1562571111970952,-0.3637562795055311,-0.41587693709184986,0.27272657098478126,-0.380255011890441,0.020119371213713187
-25.990082601510284,2.3045184514020534,-1.6165855811446928,1.0493845198608942,-0.6546215104825512,-0.4390708514893187,-0.20429732167506517,0.09604533330323735,0.13655648622241187,-0.15433169603173927
-3.5878342181739797,-4.83144562983368,-1.1037593985226473,2.0907372663136723,-0.6154635328871058,0.24496445872688943,0.16932194179991258,-0.12432803856063894,0.08319131170827414,-0.3459411793958168
21.871657882169632,8.192956549576722,-0.394246916671321,5.864121422448943,0.5563578901893856,0.04207167635444395,-0.4806887038708953,-0.7602366535997079,-0.4161678628212876,-0.14575292797430994
1.4039720482157028,13.352821255057826,0.17943505810826654,1.3622544199802615,0.3834082179777435,0.756987623782593,-0.42461494255248566,-0.6887571334172254,-0.019948445625177367,0.06535529206746571
-10.532346695909716,-2.3593654257012613,-2.914090392723033,-0.19914682523184643,-0.04599358032071145,-0.17720189228439706,0.056562604824486974,-0.24247041275492606,-0.6407113100034352,-0.5340161728837302
59.0629442318812,10.219081446772394,1.3404307097779435,5.077524267097425,0.4709017890146467,-1.4165389645230193,-0.4138703079214932,-0.19246621260368002,-0.22335049307603883,-0.8164219711358119
-14.999450622339364,1.2093500438640785,-2.898327518699901,-0.8551705559319381,0.7428474443427181,0.08680673609270426,0.1168593762521226,0.013655371360082618,0.12013772498284572,-0.48027355746202777
-6.22789156117408,8.723592256976922,1.4643713433550307,0.7283097918349224,-0.5826406837865826,0.05078440766191496,-0.1455720395787331,-0.8817484691228429,-0.24218923717743293,-0.08061373431337619
2.7203619064016538,-5.779685623435358,-1.071398715198375,1.4511511649285405,0.6875074939832962,0.43729026654572833,-0.23790701100088815,0.023090127926987305,-0.27157079507623333,0.1830782654048206
17.029364699092156,0.07351347787120009,-1.3757021318536409,-1.2847177617094279,-0.09722720160659361,0.6111275407487599,-0.12124029383066888,-0.37661963557735767,0.8519261063527981,-0.4367610083825186
-6.384284389297588,5.116817858655127,-0.4085754065976802,0.23989135378698398,1.0586130200060464,-0.10949489963047004,0.1786233742926275,-0.9619183147849116,0.262553639442947,-0.012819787977826902
-9.613654522278408,5.47462141131139,-1.2694723450006506,0.0516500724375309,0.301262352642421,-0.3692674132527056,0.13983869385047948,0.24737638215659183,0.804288383696665,-0.17892747803677353
66.25867204678003,11.097885105791176,5.148330594313259,5.007560441677693,0.22381939433813766,0.5679479087577087,0.7044944319978979,0.38799450285299186,0.02365450800803428,0.17033133661271158
-18.816156457730347,-2.8212326144103916,-1.6635021665188996,0.690549830478902,0.4378948000166148,0.1937607337876285,0.3728836809509113,-0.3688203064732833,0.5449203006358236,0.37274820355908583
-17.18813013606913,-9.942060295046652,0.9237276941079697,0.8855691600373081,0.02851766225481238,0.33203270787661215,1.6725510328256434,-0.5049096097477056,0.2219069015351767,0.55080048365886
-9.476547949580707,-1.1090889632423353,-1.454149088511824,0.6500665119174935,-0.24990117647562335,0.4318163944904806,0.06666621188474625,0.24288184545589273,0.10362661364908331,0.23644586466859857
23.518984027685455,-1.923733013354511,-2.2126179533793597,-0.0612279469895221,0.2279744209474648,-0.753355182185473,-0.13251366943475376,-0.6608067381798401,-0.5207786821924784,0.9154870972009456
19.996026827206418,-3.5787563518435785,-1.3883620602339617,-1.9413477679244333,-0.5021605305574893,0.22119861436931057,0.06323387110846705,0.12573612053194586,0.8627959726978053,0.034448029957603696
26.09875995831139,-11.734865905827435,-7.697482635633001,0.7351026261922123,1.2672456703836514,-0.7563638173962982,-0.3770251322725568,0.05673282560112334,0.2698392612198233,0.07055079967721464
4.203296213629413,-3.168509970009551,-1.5160800927633247,-0.3209808676157477,1.336059559561892,0.6662774912307313,0.3470035574739066,0.4975970537599045,0.16542818953026245,-0.10297752989125585
8.181538690288834,-0.07002205145228034,3.9785183509825086,-1.5772034010209104,0.2694223810988048,0.9901490628040266,0.2698795053560003,-0.1821088255014948,0.11807411262901422,-0.6032846106690574
24.53011859947117,-1.2898555163443082,1.257824504041311,-2.087126967820964,0.3017316055806177,0.9990091926097672,1.0386806384429481,-0.08796084185202041,-0.3606509118529622,0.7386390766113435
-15.30644301867047,2.8561779739042494,0.21847044381355993,-1.4487162616413427,-0.1273991865270538,-0.34878934393628197,0.09755521458538567,0.9053661491993712,-0.2530911392977526,-0.0558977612519349
-52.56813289344993,0.5728153675492476,-5.320476992906312,0.6359222180753504,-1.949046594328321,-0.34763172301375217,-0.6703561679624289,0.06368944603154852,-0.9084476698632434,-0.24439066693852626
-3.854365650685544,-1.9051093951886278,2.354262205287674,1.1637285074921115,0.2827121259707359,0.1649135248037643,-0.04742899400703141,-0.07549908728596927,-0.41611455061783587,0.3601544686834074
18.714046360690705,1.1388876617054624,1.156844857756367,-4.627636384477231,-0.05253515618763367,-1.0292089626636562,0.14955039207688187,-0.5146288967790168,-0.11685532746566706,0.013839390199249386
-8.210449024227904,2.097881327423948,0.6253749047713665,0.8403809016919537,1.067891907394459,0.5219744455461903,-0.14569832738206434,0.5317072632825165,-0.2642164874773275,-0.0715726040146179
9.392204408718857,-3.9576271206909586,1.6601145886918518,-1.5520562021569984,2.0333840746697955,0.7266272482216469,-0.01801803286934911,0.8226140717685808,-0.22626610457902174,-0.815854980264328
-13.633877754012158,-10.295685099155182,11.835456961057334,0.3191490860390264,0.520786266211893,-0.4117148049711255,-0.239611211775413,-0.16426902085896264,-0.4954830167783335,-0.0983076920389171
-0.962551426006521,-5.05794308761716,-0.7058677478983265,2.3909624746756926,-1.205244192268347,0.3201326411060414,0.9933117097758389,0.11747515522188838,-0.27924597309117405,-0.08193694450810902
-10.090141285083233,2.188314007140022,-3.180316503678614,1.048862447844457,0.1501187964226418,-0.13985077884171182,0.3307871249607623,-0.23920955555318424,0.5559683527592185,0.2939834103862767
-17.172445170987555,-1.7809322309696007,0.8986831122699341,-0.2029838254918912,0.5881289973247135,0.1601158502515805,-0.050392169675663234,-0.5342246261024423,0.31789897564023195,0.11214304125218529
-24.62790487478556,9.776660365735072,0.15242317960827323,-1.1781944269382552,0.3697142354257588,-0.20783030096824842,-0.5475817361418439,0.4252475183725943,0.04979806607228768,-0.5832011442108387
-22.81862821124384,-7.673916121022388,13.08863397870081,3.0910502335604697,1.004624303997928,-0.7900411928494306,0.7301254822657172,0.22387222415404415,-0.051846558509318755,0.18262482843048744
17.799400538029488,-1.45044901549907,-1.5023418887842719,-1.9474799902374202,-0.8239823629460988,-0.4025070670052797,0.23573116079882175,0.4429239319265295,-0.251661254429694,-0.39696103039501685
-6.68593784764402,-2.3604044991726556,2.238892477982969,-2.6521716961277413,-0.3818020095697003,-0.05523115311055142,-0.6775786351371196,0.670916970302514,0.1965407634223222,0.16730188082895112
-40.327326519553885,-9.677589908251807,10.412904163371378,3.030581041363547,0.36412709154828177,-1.3933111769394322,-0.04056907528295007,0.3290265699024839,-0.5204152695714547,0.26025073272526933
13.731124070792209,-9.92734709220718,-3.8003293900224486,0.3182584644229094,0.8206048372790387,0.34371725328430003,0.21732904681623214,0.2390927278359393,-0.09654510683447369,-0.03054561757444439
6.875488448882277,-0.5795103690881116,-1.2963873188471506,-3.4028349052695934,0.08052670450229313,0.21024852120518664,-0.09836008255707529,-1.3119066456484505,-0.083202812014532,-0.8575244697627052
-2.028737526025522,6.953778125291691,-7.6091333674592185,-0.7754680913964186,-2.571715445299742,-1.7083823689438171,0.4177883440838422,0.41086295384196786,-0.4114845507691991,-0.3695501374209558
4.603151482300465,-5.389334619042245,-1.6429175434142145,-2.94886464727693,-0.9418848530402824,0.1779376175160624,0.15544241914180637,0.12389443179487328,0.20652351067642785,-0.6639747372366571
54.70933900339712,11.290202544422458,3.1629681240276977,5.024078187564553,0.7548629989946988,-0.19334167071928093,0.1109947789388712,0.3630049711280939,-0.6816009594522227,-0.2785998134153203
24.67731590756594,-2.1869581586490945,-1.8507867783589038,-2.2256593873671617,0.6003489085863886,-0.6349827303365098,0.6054792745827345,-0.053548592516714615,-1.0115286899995792,-0.19744593591512483
9.890435469613301,-3.4534599321657113,-3.958136156924299,-1.0468090844768962,0.5530986842660555,0.0355037301618992,-0.8443042987257754,0.13520816699270094,0.35957600839901277,-0.015534200700679238
5.146458660557819,-0.816088334184195,-2.496748020276626,-1.5647083344615227,0.09362127337634275,-0.6968052053967647,0.07579653483708967,-0.14624032632984033,-0.41799532163355413,0.4419255085291467
-10.454886532703727,3.617260644341753,-1.9878969076257857,-0.6902571359420356,0.8659523211999056,0.20906390197556618,0.08012490405123981,-0.5835754334886215,-0.24060282486653364,-0.6658533631191058
10.48352916169434,3.0180539161557656,-0.9253291244125029,0.9079152414940987,0.8791848484804821,-0.1404326035096205,-0.5360125418982269,0.17148035307560813,0.19714198779228695,-0.45696732271019586
-4.200541028401855,-7.970105133865139,0.933117704996309,-0.830787543593385,-0.5623719277135586,0.07722909123583208,-0.4455803846698961,-0.0940375643410773,-0.2126794115449504,-0.2555010875667497
-18.479983648163575,5.2636554819494465,-1.4198412672675949,0.004451793439889981,0.5792388022937992,0.23443565900154018,1.0952527308118922,1.4650868706084679,-0.5244643818544895,-0.12371166389687319
14.69698475757304,-1.4714931590912095,-0.40199485948951086,-0.4681703714608705,-0.5895451418527349,0.007568594667280295,-0.26122051415788433,0.26004013749545607,-0.15268910842684416,-0.48936809380008534
-10.131907344237847,1.7311821824293867,-2.8369628327755065,-1.0121214381685952,-1.3309284416025544,-0.47221309300867176,0.09314541331205596,0.16451972691975303,-0.20921164630922412,0.159496502151743
3.171414160498794,-6.698072958018395,-0.768904066836587,0.6722066708338393,0.6288161294626834,0.13647049373295903,0.7011347293723411,0.23819699627590069,0.20848634437115554,-0.7574492819099862
-33.6152824399922,1.9733504092237346,-1.7172429187154366,0.8346322811785339,0.26096538543672637,0.6897637341293678,0.05462579317054176,-0.09067399223899407,-0.5808000812420497,0.23509504836392903
4.413481297463184,0.22677835118055228,-0.45978390459066304,-2.9074610619639163,-0.27961599087937394,0.00552348116877762,0.14106632239143882,-0.040725219622252486,0.06706037064089834,-0.3393044568411141
-2.182291962266983,2.635821210291571,-1.2558922594307147,0.7309576073894327,0.5857279309899567,-0.15240965892296157,-0.08200324488379976,0.2921309877225118,0.6189640287862143,0.12351872498536179
2.3642477364559245,-4.881802042637514,-3.1085389611226604,3.627892941361355,-0.8957564170035528,-0.1903840425010185,0.011664722258568992,-0.053838453356048005,0.12721646014170324,-0.9053845583652503
6.3608554675803,-3.9346814150612803,-1.28860302208189,-1.5665408381403028,1.1202884427733113,0.5550480532493022,-0.3358408072161329,0.43981970293806677,-0.5270192225136058,0.024343942098299032
-29.02546554299976,3.482755647240621,-1.8402866474304835,-1.4374168170409718,0.6125109525313249,0.10957129272796608,-0.693934162133009,0.09753324327685609,0.3178891529163774,-0.44390060659852254
16.63429738242657,-3.0691047396523925,-1.4567312489925905,-2.693336859915033,1.456535110754193,-0.19043067084932797,-0.14060054980675313,0.5460533095921367,-0.09795504666324312,-0.08211409193327286
12.395164897512203,-0.6962097116946504,0.8833173559518582,-2.2903497663051366,0.014241391241335947,-0.1276364033230158,0.9416243626011028,0.18840383870479463,0.12251566773423635,-0.23170862789278865
-18.853180851702177,1.6862405332949917,0.030576349800196356,-0.5694172160584615,-1.2426572268852958,-0.47437701411353655,0.08262113641707095,0.46081509781842794,-0.20931567422566374,0.12264762550677048
-24.179172489069135,5.708925899633287,5.809034501875281,-0.010215358270186542,-0.5423670096673918,-0.5817947850913552,0.4238323303480623,-0.08394859330564079,0.516525963340435,-0.9244011415142153
0.2928298484350651,-4.109706604176531,1.9050251026516567,-1.6074298627752774,-0.5930140918590513,1.145286583566514,-0.8295279594152305,-0.18776924889429475,-0.44327661012526004,-0.10390414327253446
5.190783374394111,1.6124089930499452,2.9893576042094723,-4.394035423383374,-0.8096346225912195,0.6364285620271803,0.06740864272118739,-0.12445268075330984,-0.3447235351180675,0.4207858011081187
26.855216734771297,-12.688026065246685,-2.1739242809283126,1.0494705263876056,0.11630879601083667,0.3519117320361251,0.2671709490394614,0.06351974548724601,0.5666470654385695,-0.32213285465898267
14.546141868790112,-4.910027164349106,-1.2849711585630113,0.5393246009540539,-2.3593826772076607,-0.18538664184045645,-0.26063290995316984,-0.06809697417525806,-0.5791634154584587,0.5531734565698706
-36.26409322530061,3.65986171844127,-3.498198476235281,1.3046770064653852,-0.9055165010167032,-0.30821604266624925,-0.958874976844566,-0.40643029771299233,-0.20058681029467293,0.17172279325575487
10.880702786638064,2.062655938657118,-0.24623234642936376,-3.132292971702667,0.08069746110897721,0.6507991637107949,1.1217869830032303,0.17333919444276147,0.20305302830342664,0.7202637329174846
-22.139002116330676,-4.403472089642937,-2.633152782252292,1.9316431410563026,-0.11604482998461998,-0.04098975411568544,-0.25584314921901985,-0.44670850634489984,0.8640002909691681,0.30567206251749424
17.627016661766614,-0.2205823268982078,1.1194192934474838,-4.161773663624274,-0.755129316663083,-1.977997235523663,0.4991905251037757,-0.04988209176497466,0.27844506754296844,0.041914939229774836
12.41709500624351,-2.5419180198905766,2.1209782035249245,-1.7584259840800565,0.09178130015889985,-0.137157241330309,0.011453306332828761,-0.7042458199908836,-0.13359966941753967,-0.044788626530179954
14.025646870895091,1.116328692379762,0.44058013678260194,-2.0487683579248466,-0.8536595951936927,0.26528661384367314,0.3363865161768474,0.26960695028052895,-0.7422433319811239,-0.22204965746861538
-40.622233672497885,0.6402900650993903,0.8976765632136736,-0.11322461201416202,0.14303655952693492,0.41179768248025117,0.17651432616707735,-0.022456449365002858,-0.142144283234367,0.2758075882489571
10.088391124697445,0.10710466858661147,0.11974614587785763,-1.6823371669909841,-0.5044202805700528,0.16608176350074302,0.3164993503236591,-0.13830051907090468,0.12447251551257614,0.40257852174242437
12.555667691851408,-8.824550932820326,-3.5542811471483406,1.8587024997659507,0.04668058171900109,0.32392698974973294,0.45349728018638924,-0.25665701463704504,-0.34172198061707604,0.02323903191719006
6.844554361117923,5.843272117471314,0.061075839036977185,-3.6956307456379784,0.9668928515486206,0.4706216119919211,-0.22891034566932575,0.18831927707343304,-0.5652061105400985,0.5169956007841934
-34.95601259361688,-0.4600862605837528,5.55464962895588,2.046486028687631,-0.404351470105124,0.4986316891080296,0.29180099291386435,0.38718395234146075,-0.02474688489548242,-0.5497004575900868
14.024843321791405,1.0278361165098278,0.4499558441098679,-1.331400706877272,-0.8960672225917866,-0.4290013832216592,0.0954102554351264,-0.3944839155913624,0.3052928937051766,-0.7720675947717702
1.5687154523128573,2.750580383201593,5.876672523184612,-1.7592957236266107,-2.9743543473525365,-0.8460383491006829,0.71281187964618,-0.3749757093049189,-0.31764478808305213,-0.1945100203363567
3.5327614111907395,1.3476882736597846,-1.4176089569044852,-1.692892307634087,0.4754893302184656,-0.026704134510682317,0.4160394100975133,-0.2922920745327497,-0.717701094826818,0.30826197166546543
26.217067652933835,-4.186000072602251,1.4040183564081914,1.726591494688882,0.9231528490316444,0.4945681774799222,0.1783782956325056,-0.10993895642318875,0.28433546770453294,-0.33041343300055087
-38.21090002908084,-7.9540719653284935,-1.8661107700747508,1.8041485379871072,-0.287101890905922,0.19499681275902855,0.4267942678912059,0.1598352019820339,-0.6216283217399147,-0.33524442752304595
15.987397109665839,8.35655246350297,2.743163134217237,4.860659239977746,-0.7574375170596414,0.11011960107015685,-0.2857654897768332,0.14833467041827553,-0.6597393463728046,-0.0497485433193324
22.80490559333163,-1.7625287938959058,-2.0638424411813996,-3.3472378675483023,0.3243466556120351,-0.18763975871579994,0.2898661416508743,-0.4442700805875972,0.9559925493441519,0.3037543954556647
-15.664802473483398,-7.558904613616382,13.891455121181007,3.101636944100646,3.400439978791258,-1.594830178581452,-0.09291624881292469,-0.3360154063037668,-0.5286404911248337,0.10094820885822137
18.13444923617884,-4.953529939157844,-0.7320589090475152,-2.6846620890279267,-0.3203171538832784,0.23450646318631474,0.3554871717774591,0.4709102766432502,-0.43221318734776765,0.25852600927470315
-3.6157097380277383,-2.550050194613044,4.786914859072085,-2.739912536730516,0.7088467990483938,0.1976292483154691,-1.014822231844824,-0.21120864772194534,-0.16807119123299727,-0.5528294953642554
5.85018254275235,0.5011679137832992,1.053365420789876,-1.6097384882957486,0.15791408476778862,-0.217953725314095,0.32696232678581233,0.4435928093418532,0.22654086053432598,-0.39537897217820756
10.489818142810831,0.6819842657481712,3.679243603284394,-2.922029664196224,-0.182366621869736,0.4047220938534937,-0.13463503032692684,-0.025851911454853303,0.21460123103574794,0.49427195770155563
17.569545908839416,-1.4589048587116655,1.2468316857636277,-0.26324482520243053,0.5417779395093479,1.0486895016043705,0.2517903102327766,-0.0767496489659089,0.19627660640569397,-0.027534778671273893
12.584368345419914,-8.424446294704271,-3.553859898238371,2.4589231054674046,0.004865376469033418,0.17607578765339787,0.3041811452261594,-0.15508471701681042,-0.19678201270773574,-0.04260645613008929
-23.594759018893825,-0.7769526389354473,-5.393128975542004,2.373279113640033,0.7908201999876919,-1.1880507877643411,0.4763346816363633,-0.44364620009976163,0.16176142467439802,-0.4167821498140171
-23.65079894519079,-4.504078226368057,-1.8695432901889881,0.9422924652085326,-0.5674247661927326,-0.24666884028280706,0.07770150098635724,0.14101669251850807,-0.031031523476828398,0.38416399410297075
-13.385918887013581,4.250457818151953,2.719450364196514,0.9711522387029209,-0.8801191368532432,0.47407851871613466,-0.34529762205411735,-0.3324313101536278,0.012619095367499264,-0.14048234587298403
14.710986964654674,0.9460890438214068,0.22676654515107647,-2.7514248786724584,-0.11297596531052953,0.04743766025363902,0.32552998934170646,0.31934104339660047,-0.886529871228067,0.0694156883045831
3.2462991185466255,-0.17203737896401886,0.08664400107066475,-1.8052779374058596,1.833000081224199,-0.7608586357510183,-0.4531825424021154,0.38308282820319306,-0.15796077527351104,0.3157290334104083
4.260407935174949,1.3962880568609102,-0.7021222418666773,0.03387119249629242,1.9656213924616717,-0.0880979003598053,0.47423335520580684,0.16321930731690468,0.11258486167947761,-0.09739910796426013
25.364031215356146,6.281784707210106,0.5008913201778689,0.19238838532073813,1.3625428210207418,-0.5248598208363124,-0.18242127401073782,-0.1807032100793247,0.8249346895630375,-0.4780359368919036
18.191512916324996,-1.9904309516384546,-1.3999643065395309,-2.8626376894102,-0.4459841557220421,-0.1423982898180183,-0.10681485842778092,-0.21437999603761107,-0.2257122433283398,-0.14902600412173905
18.307928680762338,1.5163916222475797,3.7940254234545283,-0.005313170946840349,0.857874164797548,-0.0923672870809541,0.5195992201177771,-0.2450575289037477,-0.24750062956716606,0.7560074453111457
-17.540422179650346,4.948023683292019,-0.8423288147705,-0.7623449580735985,0.14167809502290657,-0.00798067707681713,0.60780685977469,-0.12042726160483104,1.0120095856741942,-0.7385168965669934
-6.887344726815141,-1.0212197100810858,0.04317120162556605,1.3555325472503164,-0.22116171266116527,0.5815289522370922,0.5243247394720778,-0.14415479981405527,-0.6250799347204704,-0.4211964906887143
-2.1483114171943574,2.0538567883976846,-0.33342407137736996,-0.036878016666632416,1.2060644222941457,0.05641061089171998,-0.4655449032317956,0.40513724623748765,0.4698819736414346,-0.013610947127051775
-3.5730122823462596,5.933115475869823,1.0229900397903526,1.0770698204737559,0.28156497359988597,-0.5676681949162287,-0.5169862279823553,-0.06664610195033238,-0.6366188001353666,0.613645812955872
11.514664323628846,1.3446853319658951,1.01800230253679,-2.696491561178999,-0.5771105444343237,-0.0886512468508603,-0.30443005433128784,0.276688273598751,0.3339654570033222,-0.18654498526330202
3.8169859955503234,-1.7925940823082485,-0.44790534150848704,0.28225090854745044,-1.2890348151272848,-1.3991379092630465,0.48224426654307134,0.26481128876007964,-0.015720423078205252,0.11531937932849012
-18.64482227084586,7.452886809346016,1.1747055731197746,-0.8665492001958066,-0.5421646768705078,0.4996368214131021,0.1127030029427158,0.4308196989519076,-0.19585519528935208,-0.7613062139929042
-8.352380322365528,-3.4374475469060504,-3.4033956961902145,1.8804036986757224,-0.5148552998456004,0.06600135220338581,0.49849926653628984,0.5555834393981444,0.24529433491252334,0.09140784039198019
-3.434039811220374,4.0108513560853485,-1.225244087504619,0.0820998723379194,0.7814299592098325,-0.1045911202860324,0.08586418008050631,-0.5298913845616082,0.36752792174043497,0.26229131397396005
-3.93003978494363,-0.8883957050573617,-1.4223087653866857,1.0977730672294863,0.07311013999119383,-0.36149873207501676,0.014137297808239264,0.6380859395077961,0.25364764078383717,-0.1008978986514678
22.269632671501437,9.287148283357983,0.944191605937824,5.103002337177266,-1.1823989357755573,-0.20146576346356834,-0.19667039676063622,-0.47002269357550824,0.3184385176761883,0.17219316540843016
8.338304160178549,-5.638992111095969,-2.859664264355171,-0.5052603854539819,0.17439708905399243,0.7299348189121274,0.07301010354129181,-0.5814153422204729,-0.8475519409726451,-0.6614772290329615
15.236682913609302,-7.061447650317629,-0.31759813539225223,-0.5652503813715972,-0.5804741738384264,1.0139601379212475,-0.26427924871115155,0.5313273026254335,0.5662551792440613,0.6323539703484611
13.502497420874983,-7.796365898086142,0.8419677003572541,-0.6431991887351511,0.02229683775639893,1.0264216686104857,-0.30914565618220025,0.0973660205756594,0.18039643881216705,0.31043802325289144
-23.849861859501356,3.8390260861964407,-0.18202405132100072,-2.9083714022802742,0.455420053539961,0.18583680500036528,0.26011214489824674,-0.46049239683464094,0.22300877057424193,0.2762568742959147
-1.7873750690563452,-9.31586837268744,-0.36952372025455843,-0.6711340685819921,-0.8492108316643012,-0.07586477316548695,-0.0805631316279641,-0.25454762368779477,-0.6849676849163384,0.4197148014925287
21.10151560111598,-10.264105813510454,1.0389049050126322,0.17841208561872085,-1.3068019479093163,0.9221990023703172,1.290238236051797,-0.9463730294014431,-0.7732344239690125,0.3463941514324024
22.34539877459015,4.392850540654782,0.366402493899278,-1.287182300840318,0.5235392672078527,0.7641554133076807,-0.10165004089460686,-0.46455297508555565,-0.13145053877773263,0.38734620113505036
9.632071727748633,4.767777648700993,0.5367905434019236,-2.993873639288805,-1.0111682814031986,0.01010436218003778,0.11850008839021522,0.5457517890339597,-0.3426504517792532,0.04017774000486361
8.02106639811766,5.333824637860993,2.3672959485280005,-2.8913831723696313,-0.10310823755494024,0.08344107305060285,0.42369628160384054,0.4478436972255882,-0.4598243024601589,0.24218887122662705
15.902493037671217,2.095547223089853,-2.0505062203714663,-2.6623946542357677,-0.6946014914297791,-1.0958564654698646,-0.029252312924443392,0.3789075146980297,0.6489795722456473,0.19012338013685104
2.1593671206886054,-4.055707825722998,4.416156540308227,-2.5254048590259925,0.8185366601274524,-0.20934264306852693,-0.7159914240419946,-0.4590629066456848,-0.6648081670601566,-0.4890366398538192
-22.678445988874643,5.106983156268345,-1.4009443873411125,0.43934024202175465,0.9890578028000084,0.08582635309643559,-0.45731221678713346,-0.43546028136346165,-0.11173311732304253,-0.42974597662082864
-21.83490835821441,0.9639831794887583,2.525991359694399,-0.541085927660847,-0.0021237262522986232,0.2854448720523108,-0.3965696651566372,0.6229158048845641,-0.055234736724409754,0.4162598241915603
-18.776581216687905,-2.187378660936747,-3.119010721684331,1.7833988268938448,-0.440508713483117,0.3740687385128834,0.36381117147268716,0.0782002629292505,0.09859776678254571,0.3308740242263123
5.216961654328526,0.22984614108934565,-2.8602794742993067,1.8662753673986379,-0.14142206617208994,0.6878697349649356,0.6832999511256553,0.43892647543418617,0.09262439711799805,0.5878546630215598
15.87617243548652,-8.0004110106184,-0.5950075294407523,-0.47075297860439197,-0.6156585558096502,-0.22197683630513615,0.22026217284850114,0.03705192964404024,-0.5945789183116605,0.7698982058820363
12.164835049544688,0.681543261182352,-0.5018089262455345,-0.2466131087023071,0.41700965988741723,-0.9884998725483229,0.6683018329657887,0.05712631424145668,-0.39357142075206913,0.3260642481099893
21.27577167041234,-5.359380380238375,-0.048167709562119444,1.2322048833802013,-0.49972026060907593,0.6431505613549698,-0.8119719462958271,0.877583838425438,0.541861424505164,0.33235077465635615
-1.637660287699185,-3.477572114000633,-2.498391825739563,0.04149347398819259,0.9305945976250252,-0.7668336661642035,-0.5666008610105346,-0.46734221889219923,0.09084606921692179,-0.8442481700837484
11.145545464424373,0.9590484217217579,1.2957436227709371,-1.9037020407349936,0.5075534539305563,0.6414768162958542,-0.09944978177723379,0.5102458590943859,-0.23766608463286368,-0.6835931760908989
12.139124161880513,-3.1865600001123635,3.343169696316284,-0.570878991497912,0.8880646210074035,-0.14648738014106666,0.3721910043210455,0.0883091558628196,0.34090168443115876,-0.253433937771898
-6.102996766824418,-3.294916205357248,-1.9914918682103013,1.8759006619561125,0.8588976466621716,-0.19734431372790218,-0.6002427184979491,0.023086195492412434,-0.05791943302903415,-0.4780193693635036
-25.89312522605267,1.366488784346619,0.7306808249191329,0.3102262311799763,-0.2301133286565982,0.3090782491780895,0.4460652635131658,-0.15838050141474103,-0.5449566481625356,0.311871580914045
16.86636618877011,-1.5939734364739022,1.6472043393194145,-2.3564531420386166,0.9677784683316637,0.3345442338973357,0.28215317110018157,0.6903347374635165,0.7742582254346781,0.18998397874134396
-13.718050616260424,1.7661563725123643,-2.194094557975832,0.050217635501314785,0.9646195139150301,-0.45350909816130874,0.13283343902000222,0.0349684464495091,-0.5468410103237366,0.21988426881705647
16.943090418419107,-0.28497821493806696,-0.6374738086605183,-4.069461252663223,1.447112635568175,-0.49304446013700676,-0.49675083249367724,-0.18375727535612713,-0.26090215471917716,-0.3820510309702905
-7.253470046531425,4.725234339282777,-0.9871131951462273,1.974565606766795,0.6019575023751559,0.5199616029459538,0.01583156404645151,0.15612767683210865,0.4308166005151024,-0.06123402256171126
16.333445899627083,-0.3960549858036243,0.17849881964555772,-3.8207312751119806,-0.5364402921499264,-0.20296358955224433,0.7113997938608024,-0.7214815291130616,-0.012118823467333008,-0.2361957481167419
-13.872751712512114,3.3453505106411874,-1.184307689513782,0.5031006700121017,0.43092715499661244,0.5885085918573377,0.14372977833961062,0.2257345993465042,0.5746038738546188,-0.5582161607207601
9.254329978000792,-0.5638934882497221,3.3177190312148417,-2.2290388947796496,0.6663858845051261,0.668895464985583,-0.07105407468364357,0.39363455485239096,0.5956848173000561,-0.6596363279271348
-17.855510444181217,-4.924437086190208,-1.66268810585646,1.6535128693638188,-0.42937541299791604,0.16482626635008527,0.18994255084438755,-0.3208036271213831,0.23768808923496637,-0.3316333625444611
-10.176595066911544,7.682986884474714,1.5484243045827455,-1.1345869519738814,-2.8438551789843034,-0.40667512865592265,0.32806670725993525,-0.37566137600540717,-0.32479092643095125,-0.5506522365938977
-12.445564837560394,1.4745786936109768,-3.1832182865718286,-0.28379267729763114,1.1868206548143927,-0.911659476680489,0.5605430939315699,-0.5029953538879997,0.3386946182246507,0.5231323261277985
-26.952415528017703,10.913938085503203,3.6550966291989613,-3.6045798477679027,-1.5008839683448418,-0.8975404273105513,0.5851925942597968,-0.136392148639288,0.06405222989912619,-0.30483649135272894
-4.178640103778756,-1.6290993650809125,-1.8433394014920736,1.5468220263552406,-1.5673682089408318,0.2286808623455482,-0.42730668083811746,0.08981966916437824,0.3257768284120382,0.18943587299181605
14.714682461289488,-6.960366277386554,1.4378483829202002,-1.0065385330536876,-0.05374027676409271,0.74897068861695,-0.8274648823852415,-0.13231844612506075,0.6207698898503611,-0.3856672002874933
-20.943789557016498,1.7400083388576424,-3.0993655050194784,-1.8928063370470938,0.9113541378607314,-0.9058349487453327,0.5413601841069675,-0.32517531665100385,0.18001868272668586,-0.14689232642755273
-17.731753838959445,1.3087452105684005,-3.598752250644135,0.7768140734813728,-0.5405067310859974,-0.6983683189370349,0.24559877207650785,0.3559155932573414,-0.2088801962689777,-0.22358403726144846
10.571763542962639,6.1886128539661405,2.7772011383644246,-3.409468866899835,-0.5058974319509524,0.8838075094470608,-0.032431994013241025,-0.17050640813990106,0.025955304192031108,-0.22346546010989812
-1.5233641396666318,2.1602396165173587,0.273838838276709,1.2005424631304396,-0.9038872297524294,0.19766477827513762,-0.6393389205207657,0.02738869800419897,-0.15622658278191953,0.170149890548601
-28.894380252729785,0.02339315218540999,-1.4166517637925522,0.27689695629577055,-0.834313477121326,-0.36903801051339935,-0.055250816633941616,-0.26774319273170094,0.9697297119788065,0.2089935045954374
57.44371113915507,10.577184192254865,5.133352821801923,5.333718478787121,-0.21169111638622723,0.13450725922956697,0.42051506020833934,-0.3777555078455771,0.6039160856514831,0.3321143139588174
21.117808796008724,5.268917337347444,3.314738797586298,0.6233557230479216,1.3109084845574535,-0.38642944254580797,0.16936480530272577,0.19240745309670979,0.4180971945001559,0.5716601082936287
9.010269348095207,0.744174483791385,-1.5303906223128185,-3.479495974215243,-0.19613482926071737,0.17123368093723873,0.07853718133686095,-0.24734287530938776,-0.4112892442514216,-0.0130731802032732
-5.909488756090567,-7.674523199642218,-3.090811948038632,1.5919263985176342,-0.8797035034198647,-0.14755490037671018,0.1425551276506765,0.4398784893912455,-0.13170630364032346,0.9626054984610227
13.208522855408813,0.08606845551693106,1.4794473125817227,-2.3889342485182294,1.9543407486686606,-0.7424083116713663,-1.258962816579386,0.7454030921653167,-0.04827157487847702,-0.8585848727990678
13.17043766021113,-4.858237464865645,0.5954746640925093,-0.31191020599412816,-0.8415677076453333,0.83324293079408,-0.45328872479323334,-0.2030882560639691,-0.2353552637230193,0.13144483080436128
18.315296289611066,2.8226573932227854,2.1008384146731824,-2.890266613686829,-1.0218876960463958,-0.12007832942072288,0.20772584385081383,0.6882394590642731,0.10979062487404183,-0.0991875394449295
-10.274417339732972,0.056027256558090544,-0.7773969292837282,2.2522789418465394,-0.33970038851376205,0.21817450816297768,-0.636167414521049,0.35416501923274235,0.01923289816810867,0.5151302873925961
20.132703472006593,-8.782647788455998,-1.0876447624453702,-0.5771160281388076,-0.539269608389935,0.38814796114031874,0.6226872155429705,0.3218571988337044,-0.8502161448042536,0.5284851743158767
-18.93425360604374,-2.232110497626779,0.22394668792383768,0.8038392341287129,-0.30801453312243227,1.0614774836919625,-0.36348600662074226,-0.1867920928706363,-0.47858987532486713,0.026352868890852626
32.69405198359935,-2.294535752837739,-0.15921737570736416,1.3082474310431338,1.6920271914007496,-0.44709384020887477,0.4753674417568937,0.4403819074931056,-0.5754402395966655,0.20284702810203772
-12.267728045686958,1.3963724373249715,-2.223463513026978,-2.218447894768772,0.8240991995048355,-0.06476076552460154,-0.02385507463725124,0.3202445581769246,-0.003757366231804689,-0.08692168366078655
-9.975009115747053,-0.13227263242795495,-2.680532154725862,3.033416035144197,0.7029925138486713,0.5356378808150236,-0.20857250260829321,-0.2151390320443781,-0.4222329332753584,-0.7661098351147783
10.853626131053325,-2.303387734125572,0.9519084315472375,-1.4576143600052773,-0.08137352667213386,0.2712381062412079,-0.5557951645969881,-0.29831099446373727,0.45319730602507347,0.3510632795377975
-8.169591132409934,-0.6705221907089991,-2.528994733727528,0.8901620361017177,-0.24078896045245052,0.4711971196427998,-0.09781018328495034,-0.35699210883189697,0.3484867133591157,-0.40713540125416614
14.165766306857268,7.492551612183823,0.5231343723484418,4.771463654280963,-1.2585187842636432,-0.06894472586477102,-0.5600592656504351,-0.9791550530699991,-0.05100911615192144,0.20438427334744733
17.569867480689062,-9.14879372914117,-1.2877017936504263,0.4845246624413152,-0.6249123209706094,0.7357183113930394,-0.09451718724451712,-0.28902295618451906,0.03348198729809431,-0.30392747648398327
-15.213434534415207,-4.856974879584206,-2.9452680830018547,0.5610692889369547,-2.03431882503708,-0.025106663448954975,-0.323753224626586,-1.23562721785909,0.38603141529169266,-0.04583237778826509
-46.67140472125829,8.3942013696009,-1.3160726073984441,0.28704175894563305,-1.0495482835087449,1.3024896431175863,-0.36088092033723385,-0.3278883418638555,-0.1150959527621233,0.40717595021075104
48.01320043774913,-0.10164797457031938,2.791163007727122,6.620983597574371,0.26584778399607883,0.6048667987797145,-0.395605509038599,0.7193900270350525,0.020509945560210272,0.07028208915572338
12.228493659119025,-0.543945329913881,0.016203234471304003,-3.2417053805224056,-0.26514775682003844,0.6636672030026357,-0.30873617597107994,0.14358815334120398,0.21690414391112964,0.12188563604679227
-10.917115746660892,3.9066144212201235,-0.3634640549107663,3.4755046992252594,-0.16331957961839122,0.25558343411073875,-0.6787307727235329,0.42301189242413084,0.1123374473090567,0.43617914309229244
21.011463804184192,-6.304872006917147,0.7232729763828135,0.24575322202347058,-1.0664233762601154,-0.30764862068142823,-0.9861126830135845,0.06335380503415068,0.21994753853264862,0.7127981820191984
4.886693815792617,3.089338975084033,-7.983221033193252,2.075602281920899,3.956651269797109,0.4327313630986877,0.566746766037345,0.3110023992863518,-0.9155967192409415,0.33702852180002846
-12.951472333626825,-3.352839315289536,-0.22830137308779988,-0.7081463144033684,1.5467800778623615,0.3350991429458113,0.48244693024847324,-0.32813279071685947,0.12941035179784655,-0.33129914457595416
19.146425330238245,6.008172295209658,-0.7679431116594712,1.7149169892842318,-0.7124618858438182,-0.8331214409135083,0.03763734726499239,-0.24939612857512364,-0.2488093719888439,0.3847175107926364
22.83634959242795,-3.6489582961902003,-0.7358886207984884,0.7678425985976366,-1.0451693022462734,-0.6521207439131759,-0.4597991422622847,-0.04438181253248325,0.005672017494657816,0.3641127265100437
15.143767096716221,-3.0775062025599205,0.867980106011028,0.6987586399708471,1.7447011010748628,0.4035138045077802,-0.4251032623657032,-0.6179766911213537,0.5801214519391293,0.05405921620919571
-20.51437970320458,2.146974619991667,-1.6070931964477178,-0.05106386261755579,-0.2811736914373956,0.4876512086489816,-0.37538595348260095,0.08643262275287227,0.3801055415123979,-0.034353841919444246
6.840381808909549,6.342598477957917,3.2262203659059,-4.563040315562836,-1.4162050533808683,-0.010469255183336863,1.133337196434725,-0.36294604007313447,0.20099293178518193,0.21812357756394402
-21.461011671475124,4.0064801964036185,-3.043991473757041,0.4813023627684794,-0.6349787852332247,-0.8104997961668844,-0.15846280301140267,-0.13260252567240854,-0.2257481292422338,-0.04186993442131753
-17.583941674214923,2.4458370533645084,-0.29913285748659996,-1.0450182076260153,0.7602464591642238,-0.16796271430216014,-0.7982411930261745,-0.0037546159822101337,-0.5074171272042346,0.1627214141079677
6.665056915238912,-0.6966388992176485,-1.4121626876844902,-2.0599881323408082,-0.449872114954125,0.4819074752273279,0.5134491229272866,-0.40576530736434924,0.46475014052052954,0.18686110699077915
17.968107439521535,-0.6959596584364137,-2.0116921261350105,-2.693962186357216,0.13391444496764027,-0.2622975965597771,0.48425506496341025,0.12880072409099647,0.6498859628196456,0.49050304619520285
14.990401713358144,4.005108079929278,0.03292469511895015,-1.4020551922594002,0.9393477577538417,-0.2663768455996285,-0.06957374848534509,-0.08567493281145103,0.23932116633619013,-0.3206527160607425
16.240444792710033,3.579018524305332,1.196513993292334,-3.6810020163365467,-0.15857963811201747,0.7342290248169027,0.12707785256864124,0.5424944142577287,0.20592585824901544,0.5979477949588584
9.505374016719033,2.8866671476969197,0.5770255281494618,-4.595064441225935,1.02877671898638,0.7902175813348866,0.20930470519522307,0.48403975032935503,-0.7088438001117888,0.3896547659805162
74.34775962726016,-2.541041757453335,-6.11387544235305,8.398087920834488,0.21423346405007498,-1.8596942373457257,0.7244638178667118,0.11879274714397009,0.25178860585688473,-0.43489849883908205
-0.43136752044402865,-1.3150888671595995,-0.34196046197164515,-1.095640043935313,2.302288117977984,0.21101934612734832,-0.26195578424492083,-0.2155333684207187,0.15510212318994357,-0.04782914313560953
-2.9988348684673847,1.3146670763721597,1.2041172211621893,-3.2645214725655323,-0.6098460094756071,-0.40149783674590395,-0.21100106374967678,0.9338414802830902,-0.06987941080001192,-0.23487348796107055
-17.818279437577562,-2.562286931915446,1.4918797142156455,3.602526804726617,1.0351256660488592,0.6926333840706742,0.345364869996975,-0.44472569324890787,1.238107166258557,0.6953109985882004
-27.08100159103125,-12.928550832528991,0.04690785397852242,3.3449162294958232,-2.066413154484752,0.2107444155488752,0.2705650742770573,-0.4084925993314666,-0.3339282642793123,-0.4617696696885178
-8.299280690971022,-11.312508536787075,11.395922053472086,0.14799904918872964,0.8988911639069205,-1.0844255130709872,-0.14719203058363975,-0.13379065035495116,-0.30634693485677406,0.11412246266837246
5.933122954263884,-2.510340159338722,-1.8354264038685824,-2.8799523487798306,-0.11166766715180902,-0.14959317599863342,-0.5838078629954029,0.22339945828602573,0.13283995208842578,0.15074614282018528
-23.118174657009074,-2.6970853560770203,-2.835245420927617,-0.06266203826601405,0.04288778854460012,-0.4488713535203466,-0.32062776784173724,-0.1584991762187254,0.3200393922805259,0.06747276223724473
-60.736632530046855,-7.316817080996661,5.115993986630919,-2.562356328288312,1.1393544657171186,-1.2499884276190658,-0.3680032418807861,-0.5711648441632886,0.41053860346433696,0.5710304521410686
0.3563440173365163,5.598345084226389,4.737727579969193,0.8192362268073,0.37884218708868755,0.6332020968489662,0.5151192820289349,-0.7088152757607428,-0.24560943045717712,1.1196834907163795
-8.240074626267813,6.476142973829447,0.9562569185798191,-0.20744186327341077,0.0636721509348507,0.16223294870905813,-0.33722142335948285,-0.03839103953391686,0.08537861971519278,-0.25646728017610476
-11.867858964763489,4.3217041296443846,-1.0326850041560067,-0.35537375257041753,0.9655975002209582,0.07142831478810685,0.2180358916967198,-0.3394574760597052,-0.09084129240539505,0.08304665209060028
11.841504022350174,-0.4256653043679892,-1.946036190232679,-2.1288788098755402,-0.42145131660083834,-1.2444261461123263,-0.3213108789288247,-0.27612483238836816,-0.5861960062330891,-0.4449707016966555
14.931807197943375,3.99516497658076,0.37969745690370416,6.3700767749316975,-1.3374125135240118,1.064239212475472,-0.6879106104554891,-0.007362187891841085,0.3705423892010911,0.34935913762629056
3.7877486481359997,-2.6357848001607085,2.800244495068754,-2.243421975928807,0.03634477112204111,1.0394645217633072,-0.15738879754040214,0.23047571121301522,0.03915496006053548,-0.3192609379496771
16.57082588897548,10.725145509015675,1.5722446470110039,4.826694823859232,-1.09907128338698,0.016698705595525307,0.4662081284487732,0.014571342439548676,-0.060642670670615434,-0.26477142071599724
-16.927590838996103,1.0767303048165977,-2.1562475516559276,-0.14263555762977687,-1.1504212967503857,-0.46116975485506984,0.3836254174488173,-0.6103872169820994,-0.019000964762098428,-0.1465291372795786
-6.920812496696305,1.3378362134175152,-1.0560672692728708,0.2027745664879367,-0.26785593767548865,-0.4333347436835439,-0.20567272202872453,-0.8532696510698063,0.3166715473824839,-0.18731947005544403
10.660210217807867,0.5147279444670884,0.12714265473460842,-2.531904838678245,-0.8619131316399635,0.8793416476135995,0.46254444503104103,0.4312355360015599,0.20382895002683718,0.13031570332486142
2.3022984856199296,2.905014213430278,-1.2719114082510055,-0.25770265114890456,1.6856913147204247,0.08887922615914197,0.17259079381999134,0.35172431674391536,0.1860419639073298,0.4174045058542106
20.82055063331549,-1.8818993597637763,-0.11787799282476462,-2.4944692050076935,-0.7617377342535991,0.25135323324844416,-0.5070716369928924,-0.07717893405554513,0.079113718879568,0.39053403123058383
-8.11384579026477,-3.396808742455781,-2.4288156745408336,2.220927261834059,-0.16621741065250747,-0.13162315577542147,-0.05005165457649005,-0.3836527027100989,0.07536899833281428,-0.14424781397513675
14.952703838692656,-7.9161126581575605,-1.7945505883562216,0.2535293363469058,0.8218405729393986,1.2390927335478534,0.5731117119270388,0.19351493363819539,-0.28684335442316616,0.26834438979678477
-8.895706620266775,5.293247948755002,-0.385775690585087,-0.9352665047574673,1.5041117388213878,0.272311062332423,0.10291601487234961,-0.10158003006183136,-0.023037951286722244,-0.32484176891788336
-28.63103191625494,0.9011956693383768,19.170881312438215,5.284161408342554,1.3389332157294467,0.6386258934974525,2.727735273249535,0.12267169077988567,0.2676557713196336,0.24395265368282384
57.58554780847767,4.78067705468687,-0.7969136568835985,4.71092326253458,0.3690809980830238,-1.5872985177973349,-0.023133647551757595,0.2920612260774474,-0.32424950326700214,-0.3797435106115779
7.330785387362893,-0.5093561865467882,1.0411023414747826,-2.103071265646732,0.12636496658576132,0.06826726197217543,0.011232922238306662,-0.0935971012005369,-0.18479096303382384,0.34388828892381296
-29.40051212483148,1.724388434184249,-2.4021440885652936,0.00395822309304953,-0.2545120943344703,0.1092227820168355,0.12651737933171034,0.23722659763556367,0.12743762112921136,-0.32514232497679857
-31.857139785822206,4.933628701445629,4.538010365648012,0.43784934376846907,2.559496222159496,0.04206998968402988,-0.49351738599528455,-0.2994200791106511,0.8441169462464719,-0.5690255066230037
8.453178036391359,12.931926220165241,1.7546498233060495,1.2774258115354,-0.5072080693200285,0.29168047984817136,-0.021325899042534322,0.12426007896229599,-0.3589858166027345,0.059459036358837834
18.41334220180972,-3.9035704672235876,-1.0553029209991922,-1.403776301598501,0.7346871108671035,0.5736953719657201,-0.09237772361862322,-1.3623325009529266,0.10039837447313435,-0.3141629823433569
8.767780261047934,-0.3934905798851084,-0.26833193229520114,-0.746837753662958,-0.631559178797902,0.5845336977198204,-0.04142725545144999,0.11433622657502948,-0.003984285463645674,-0.2541215401818056
-20.55116025104076,-1.6120381911133694,8.803219683857122,3.179740393259757,0.3112687371948732,0.7667964369744878,0.4728540083194178,0.15180255747431562,0.7289091574173138,-0.014683936433746839
-66.56663879811039,-5.537882867425352,8.095183405677854,-0.6004094787105353,0.2598604063392246,-0.4263244100821064,-0.5778065428148663,0.11817356355112037,-0.7733518302783031,-0.37437658385855516
-11.023628749597945,-2.1684951387318225,2.4497462693450354,-2.31944655870792,-0.07236641411795999,0.22218798259313152,-1.1509142226304174,0.06845814515396341,0.4094923595250315,-0.057070101375200175
15.210948950629781,8.294787776321767,2.5994615296241252,4.606155445435487,-1.5585974333112216,-0.5816651930057358,-0.4627048263813335,-0.007685982502739955,-0.8156157176899723,0.34955753333749834
18.22698863637126,-3.7452548782230455,-0.47324081935258516,-0.020476745223380704,-0.2925836810999195,0.7055932639150851,0.7014555579422022,0.8191709220835732,-0.30371149381172874,-0.17309390894451815
-13.155744532559103,9.709947119742305,0.7473870621519667,-0.7294829457422921,-0.9503192037891425,0.13242011954707286,-0.38877218376696443,0.26509799041127485,0.0647778276470545,-0.07481461719331253
-6.9311225088605095,-6.4799381115618315,10.847050374797886,-0.6567146093612058,0.31935303161817563,0.6084047059578479,-0.5856295846116478,0.7461466730374602,-0.458837706550953,0.512794853796648
-49.92520551562255,4.907668011710718,-1.0494246712441557,1.7730784713626568,0.2925960639063145,-0.40437458223481454,-0.6015898202614725,0.3643155281546014,-0.022646792609711915,-0.17726956778782224
-12.536624032007847,14.34798136095741,5.9499383908924495,-3.2423511961860103,-1.3268116902572307,0.154274882346411,-0.535411093942452,0.19604901559231383,-0.03538126688198436,0.2580835421102695
10.135248930883083,2.6277990594954663,3.787449837599378,-3.006584897938212,-0.27147208134005407,-0.2524031763980398,-0.2819625778788525,0.26881811471891215,-0.026511502510859312,0.44105894768454074
4.641666160342841,2.624506880347474,1.8952991663332839,-3.5865241661115537,-1.65049827137106,0.21342110137706075,0.2705562586587742,0.2948565744999313,-0.2915011367112122,0.12501183221759718
4.934926981200118,-0.6705645434301578,-2.9678752157094754,1.4907985793752112,0.008492899349074101,-0.3068184233164865,-0.0050993461650806465,-0.39184278744781104,-0.06452102612685694,0.14949720393939844
10.88539457840118,-4.569781184851359,-0.44688022639170805,-0.9353386731293993,1.5189085545398973,0.5681256774010204,-0.8445657248363361,0.13587878077028984,-0.0965162944517701,-0.09406004074418069
-4.666159059227856,4.805148480061544,0.06970072488842333,0.3036936959111202,0.818983882134172,-0.8261953141470734,-0.6942958599960153,0.44896946093398415,0.3536435152077813,0.007708896748714869
-12.523021015689569,5.705994277695011,-0.10976534118131086,1.2932957381575187,-0.17358559537244206,0.47003684669299506,-0.15054395205368953,0.0895167860311152,-0.15704029662080046,-0.33510675730346257
-11.25711811617847,-6.138704047281527,-1.5762620226571735,-1.117666972582644,0.63472011969491,-0.8204593627221558,-0.5319550722672202,-0.45103657966193017,-0.5570087111091055,0.4469312962467633
22.52084535419928,4.248127514982028,-1.2227884828624722,6.104738673252224,0.5161392498718054,0.2951991621658531,-0.570212737962772,0.7880781448697252,-0.11302090346027921,0.1908169041702073
0.4081135520682971,13.358264365605455,0.892512585440577,1.5260615860321212,0.027138105047781906,0.0932933818468103,-0.4812590299099712,0.88462472999361,-0.07821471402896484,-0.22814822095913384
-28.619413708830994,-6.2842028187626715,3.3540557606054455,0.45185947085919337,0.8795591158119699,-0.10753611727495088,-0.15962111255063868,0.7453567582554445,0.3542615975283114,0.28980297912191205
-4.787632870168103,4.937013033976109,0.5007823810064419,-0.308497804531736,-0.2637999812858239,-0.6009966054507392,0.5064165427010894,0.0981956232427091,0.3201726912427724,-0.08879778662256882
50.98766627850745,2.3511535573277476,9.142882235706114,7.622621406373063,-1.8112015595518798,0.7528169044262343,0.362376142044378,-0.2953842102558245,0.2833998971920237,-0.43560461328141237
-9.573037850204221,-2.364834244183821,-0.1653027677459461,-0.10044040056150322,0.5177399007538384,0.5758493105989158,0.13494437989019972,-0.05346701294536526,0.28791821938278683,-0.423518617454872
10.06181750280831,-0.27925719749837336,0.9655910965537441,-1.974266249010614,-0.7824879348855478,0.03220696853662035,-0.8942654271742998,0.4256629856233735,-0.06925996186951926,0.32652235686370407
-2.9488463882599927,-12.082718711194383,-2.7497447378781823,4.281748620805302,-0.1057305697500113,-1.1818010790751108,0.4524770007441719,0.24591276461362918,0.2485124073945367,-0.49455427922529993
11.69046122086325,-1.3290439141065946,-3.574907530171963,-2.3886476153157754,0.004981243967045062,-0.5083944055148225,-0.1727743629061692,-0.08585085787677195,-0.1912951267150836,-0.19006366199901173
6.0826765551098605,1.1552358830789502,0.6007328493604288,-2.7175292264028013,-0.17469738901805887,0.024731033543718525,-0.1616073107518325,-0.07426882362292403,0.21813664334282679,-0.5051118001542593
-10.473958222859416,-2.845530295238925,-0.45404776139072683,1.7019963133757363,-1.0111780186172752,0.8065451247041193,-0.220552138418152,0.36987372473746666,-0.14364489188600896,-0.2312845326126806
6.450035830870709,-1.574038361642496,0.8128656654072005,-3.685556545957583,0.8560572407277572,-0.24993363443282188,-0.393850652036918,-0.4114975597760201,-0.43037175401509103,0.01916515530945041
-36.58299999253427,6.179619587929899,-1.206853375971539,-3.123323239991455,-1.2810093873052657,-1.0423217076353288,-0.06200030546022095,0.27263497287570304,-0.242707802175548,0.21410677481735435
14.309720887506833,-1.3331278159121749,-1.750560470642372,-1.1051406916519046,-0.43194640310383753,0.3395281009744752,-0.48606611932856797,-0.2948896157008185,-0.388762208652562,-0.1328200948774292
19.780688345096284,-1.0596181997305156,-0.4989268792804816,-0.7908343881402515,0.030339692121396467,0.72140854923415,0.08581928486377977,0.10624978805786417,-0.41307737175180337,-0.33004784855452857
25.42827483415218,-5.104387407832302,-1.4123852052016317,-1.0716855094969575,-0.7657284712075393,-0.46531065784704295,-0.12003139214203908,-0.14233579251965311,0.021922697450708177,0.3877736101868743
4.278290433959386,7.185833853989714,-0.5639562319229788,0.4673904452062001,0.15530378374903592,0.29253630371738626,-0.2593196398985806,-0.15052296754822686,-0.23300151810816597,-0.5085391343209972
22.43069080071318,-7.025613278984897,-1.5367285144394496,1.2578451096366945,-0.893751767383756,-0.6046465926567521,-1.2882420025646337,0.5187528581565196,0.5646152216192679,-0.26845856598621104
-16.421225145827833,1.8136987177968327,-1.4084238483770652,0.541291720370944,0.6271947930647276,0.7885926805635162,-0.31695695316730577,0.007053455530819726,-0.2689765637580258,0.1928305131992967
18.825078904244254,2.7037768978219985,-0.526697795474782,-3.2721174192220612,-0.1878796525062445,0.12899910014566124,-0.2598064190606598,0.46925797180785156,0.37479006095012235,-0.13242240593016935
-10.520457152247175,-7.568827465878964,1.5022948860018794,-0.8698093039486772,-0.7096429980249803,-0.603728337640693,0.36871703129420913,0.10758711840313293,-0.6594622167253418,-0.28519933975024814
-26.275634399603994,7.740441291073394,0.7395048635901565,-2.485019576172871,-0.6208381466778751,-0.984693773909618,0.7909725843654292,-0.33298173779638357,-0.15064417921179782,0.9390694917662078
-3.1278810305042866,2.7926939841677827,0.392162802032144,-0.5692995177990895,0.2110451475369085,-4.1943157327762866e-05,-0.32467860167146545,0.5582362376860518,-0.6566225725124493,-0.694073612368243
15.028892211855469,9.883728682418688,1.4095722711390781,4.79432870291143,-1.2396023956689257,-0.34772557839129176,-0.41936148544195423,-0.11928786031938017,-0.37166905502394265,0.5873378213966451
19.157730389601824,-3.9280229671108837,-0.2607289626484232,-0.5046446061538855,-0.8346508768253518,0.37928184670135034,0.1906550521562508,-0.5292869344737298,-0.6854658923612635,0.6340366333229529
-23.282566323780546,-1.2348519589703038,-1.9029045863220284,2.09425790994114,-0.3577422140450747,0.12005143547830295,0.4706559469137441,-0.6857376366828761,-0.3602649472149794,0.4508049640698125
-23.73418812566341,2.5230702191223027,-2.585397888954617,-0.742313034770804,0.9576446015289996,-0.33090059852005715,0.19482704894847658,-0.2892671365411471,0.36504834871230873,-0.050795412969159535
-40.28228416518342,0.1741560640103073,-2.555575000655346,1.7565428118592703,-1.8160353891336807,0.935557812914627,-0.09321180729210972,-0.059803524848301204,-0.10921952345731833,0.6797688118448685
-9.019240721256361,0.317665814815154,-2.975215264152447,1.058408132338077,1.3226619186713986,-0.07925025682566242,0.10178381513703802,-0.6565275722379009,0.5876022755646323,0.4510710025916564
-9.124477132156112,2.5872930673517684,-0.9744944769281303,2.288098057862043,1.5784597628220083,0.22596718634716956,-0.9301507944422097,0.32700879369035846,-0.5090826965105265,0.19856671315019925
10.980936332297777,-5.999655256514034,1.7856963695092332,-0.8189966006134097,-0.34170568885913516,0.6606704548857238,-1.029455805033537,-0.20364770983372618,0.056906900065889506,0.10945348336812381
-43.233141660292866,-9.787052102291131,9.862901554552694,1.1747586216822863,0.8996358506664522,-1.0011924633999767,-0.051022992083203905,0.1514783272141069,0.5803558185573464,-0.11389634993088087
-9.760948898224498,3.6530579944130945,-1.4140153287985096,1.7504405535535619,-0.11203120971412552,0.17557603286214513,0.46605920538846973,0.6856049789530827,-0.9480098630230379,-0.3667894932872412
-7.859072276004243,-1.6671268153975045,-0.153821359354191,0.5770734889257967,0.385298816791243,-0.03691683718205852,-0.057352129661365915,0.3036190290718278,0.44300071300912003,-0.0027417094856400813
17.82461994927741,0.575720770347849,0.13827857531790555,-2.951003050713954,-0.35541485614050333,0.2794172531802152,-0.2664452020499554,-0.6461887082401024,0.26463608656096316,0.19734401418077355
-3.98239546189428,-6.981655383733298,2.7728869405018903,2.835309092318987,-0.15999012086761832,-0.5639713927334445,0.9449500974301005,-0.030307547808304115,0.35674940071322664,-0.4324991814796964
-12.33741752052661,-0.2435165845923901,-1.6675176234826923,0.12553155467453223,0.04587871075831892,0.004342628805866622,-0.2206505823152948,-0.3129583368526338,0.029811486624637586,-0.10579076317391287
3.8125801540727795,-6.816396490429508,-0.8431329366627877,0.0996135688237524,1.133612015056626,0.27613556875000644,-0.37328173249552404,-0.43571377446841436,0.5052520889907264,-0.3757036287637878
10.528907503347794,-1.8317377601531897,0.56343946297591,-3.3699446752504474,-0.5488319872727476,-1.7947109169517892,0.23852747959617576,0.1593577105475473,-0.023619416843456534,-0.7176291735903066
19.325141053031395,3.299424184597305,2.8812922469203945,-3.9724763851450526,-0.5059511648294295,0.019258501171600002,0.5030327920002038,0.6648724463399018,0.2222513120817906,-0.6331118571516039
15.121677533781515,1.0397024432606647,0.4523569681907702,-1.0523826554653433,-0.00040497186373662824,-0.48228044296925715,-0.01264870354675402,-0.5486358441850536,-0.249237633072602,-0.315434217754742
-0.37921059045548955,2.423620406719783,4.2968275684952175,-2.0862274931840683,-0.436197101147418,0.5945503981818465,-0.3532111628956379,0.12723764879648486,0.04342150252874938,-0.3418000739968302
20.987856235188676,3.4965766053308314,1.6251689669122351,-4.372450339006613,0.06282960256071027,0.4517417171278668,0.45295031485280607,-0.007885453128507738,0.1636500244200487,-0.17677943990924733
15.474383432383368,-7.840382359469392,2.2244310483945497,-0.9199654112962606,-0.11136640805290655,0.33040587841624813,-0.4432202962277329,-0.3652984498395933,0.45825660763196086,0.3854974975170588
-13.371986887344985,-2.35914260964621,-2.784254198174975,-0.1947355057457853,-0.30569369904836763,-1.06562316357169,0.48359041685290083,0.9385371015057759,-0.0010609567678539873,0.3607974989480573
19.17856204380273,0.6668631438944291,0.3559723323290025,-1.8272182032905457,0.07168889395373437,0.8536451051087173,0.6451054576577497,0.010599237331760979,-0.3378859036311035,-0.08769252527864724
3.0662829450755478,1.6266262558256628,5.175812317699004,-3.86040518304323,-0.16654920363856293,0.1187907218135995,-0.7819772068224237,-0.24770545361295868,0.2571772091089703,-0.23550607471179502
-13.315792602212083,-2.7239806325857794,-3.8162841550102087,1.1960263173652304,1.2548626528098554,1.0378888191201623,-0.26015908431257634,-0.38137129860390795,-0.7405336844258369,-0.039785157313926504
-12.091106969190866,-5.02899133352792,-0.48054050210624605,3.197742852894632,-1.2107118995060224,0.6910577360476167,-0.030669862809302974,0.35171521547718315,-0.3116485656115423,-0.22529318819518385
17.888061506002657,-5.385356880844688,-1.9885269888900783,1.7321103234306867,-0.943471278494529,0.17869445686027982,-0.1351169188567196,-0.03223424716149549,-0.12884640916093756,-0.3563263582892941
49.89100442772148,16.1868926059391,4.361193700065821,4.626565883614192,0.06082059335349458,-0.06301147945491672,-0.4589258778009636,-0.29191823121589583,-0.1903533508799558,-0.04272809029727631
10.445610795461365,-2.7276787241901608,1.8891515067363227,-0.6390547672895219,-0.3285771796785144,0.3517351812232394,0.1321426511652548,-0.15432298058006438,-0.221789907078658,0.6493317738456761
-1.8611390448863336,4.526030124305154,-1.2510321894190812,1.264570274886135,-0.30471236827620446,0.6744631474271622,0.8007628113044843,0.23619653611993416,0.07528493458015036,-0.6541478006586374
8.14937177731801,2.5602648607891334,1.4407986772070764,5.206862194403428,-1.6826263249309767,0.3342992433523476,-0.41729753075516013,-0.2657302921271123,-0.23202727659850397,0.4104264428847799
24.112049928680925,-4.971153459860246,-1.5249361827512202,-0.11324267683201489,-1.7660903921652364,-0.49827397465646484,-0.5489122382640335,0.45426270558988757,0.6741727863100248,0.31092743058706407
-26.25937257572063,-1.713642093321827,-4.511584992813337,0.39609326024263547,1.271770719949471,-0.10395112517872897,0.2757342345449463,0.12167331147389686,-0.43030497852271193,-0.27952810629017366
13.370293671648701,0.6767906884546262,3.555532292846159,-2.7684426473642962,-0.27387436724309167,0.940946998087743,0.8249767240562992,0.7153075536705437,-0.06259005151043223,0.5260803544902452
36.73113755445216,-3.5536057512837047,-0.43424914213259663,0.814285144837454,-0.848159048779631,-0.022078811820842557,-0.2969211247640265,-0.4817187887058917,0.6122185080790398,-0.47849742745992496
12.555377455602173,-1.615748348656566,-0.9612208998226325,-2.30397327391099,-0.16624208608973393,0.23989830749168356,-0.9566138313425094,-0.15533138760576679,0.03924115189719743,-0.42922979832776703
52.89392616806776,8.65709885044711,1.5734769014809404,4.70303008844671,0.504009513143297,-0.4092605872488713,0.599272050860916,0.3652585424799668,0.02802595124065006,-0.5376524730938895
-11.782980389386635,-2.1451457243219663,-4.342280760410973,1.9536867850331348,-0.041930777156914144,-0.5125146794544299,0.6084191094194538,0.657823622339126,-0.10127995215399647,-0.7636517711120147
-18.490495952302552,1.8050840432319633,-1.00254212279658,0.7814542854419854,-0.41024282867025197,0.22296645055940673,0.32909138775369695,-0.13038819845287555,-0.07064757005135683,-1.1730687270001854
-29.305280581560552,1.1541576413559027,-4.595043490805799,-2.2405783556912575,0.110110369386779,-0.29957009620151687,0.1357526570008583,-0.10314952119019606,-0.06652733851451363,0.2809026279114011
-12.258576198418254,4.874270190239053,0.2652755728892721,1.3209225105529594,-0.6128709510972505,1.3061460946951644,-0.6457675105363416,0.1378545940686787,-0.052353760939242384,-0.1807787604616828
15.444142584851253,8.392268015165087,2.3591755910199415,5.117625445904208,-1.2601261057607758,0.07380134067574197,-0.2261071137200355,-0.33052640999978433,-0.18577602615090935,-0.076517384489987
10.851412160587635,0.45483820218775756,-0.4457200138224695,1.3640948670069206,2.4260966977053227,-0.6623514892299937,-0.04852535419523573,-0.687079842179802,0.26639408462584113,0.2239424049289283
11.226223369016708,-1.8345772111582803,2.5633166152804834,1.347005694016072,0.49805290760702775,-0.5114586918960486,0.07073995420512459,-0.22332334849285548,0.20832001165693848,0.47386845916931664
10.452646763887925,-4.48400062219493,0.4156688221537672,-0.35785755382827983,0.5898825074017252,0.2687032849718709,0.09553137219297946,0.5726828065561431,0.2702463173153813,-0.9481788265169807
4.292955954259582,-1.1722843803261553,-2.0688691038765934,1.5132094667239189,-0.14731058642058048,0.22528998018146723,0.8075967948024009,-0.4785206203485471,-0.3958666209852925,0.038061223519216605
-6.886456547224867,-0.7504783997563442,-0.8116272823271306,1.0945520160384765,0.8781204913228003,-0.2446219713283624,-0.009917567068967,0.7846902546188453,-0.5937303506216441,-0.5448920725860192
-8.85035431263952,2.664943165146918,-0.5566547157405866,0.28120926715315103,0.6412062201771282,-0.6945500277196462,-0.2892263692609066,0.04473684396992211,-0.09256324521827825,0.7106857568736672
15.160571955544,-6.387967623379205,-0.6349605712879093,-2.1355436927007263,-0.15617688411460676,0.7278451762739852,-0.31779936972214523,0.08454300911513325,0.26810347320378486,0.137436122700129
15.687300704995389,1.80029633665949,0.865754358638524,-2.0441160259115034,-0.17244333233297462,0.28312578640085145,0.22900904672358274,0.2268606986083434,0.6811905791697044,0.3459334046239087
20.566123218049153,13.284730798764102,1.6734274451910227,5.300444855707702,0.4357283201626387,0.823438920931606,-0.16127992434292726,-0.01728789116633952,-0.02401734000553893,-0.4676208318753948
29.44981578199546,-7.848415932875201,-2.87110813286513,0.5377859551040425,-1.1390262475695494,-1.1644982231678955,-0.6954456367231965,-0.15695637360121478,-0.05489362903556192,0.8080965451165937
-18.99735770564982,-8.229161173915257,1.5567092040933797,1.8068183271115164,0.5554248120750387,-0.19591534830810234,0.8044277215462897,0.3723661885365178,0.6012785905232892,-0.07616447950667261
9.507202648990795,2.7626604435003372,-1.4512974142411548,-2.470420384563668,0.20387273663931568,0.27417322889194773,0.5793046711083751,0.40192768601851486,-0.6467286536663719,-0.12283461410563971
-27.99396794620661,2.39273210505936,-1.2087874853776313,0.759489205851821,-0.15633817163768338,0.44591260292979884,0.024792851966570068,-0.24156457689489574,-0.24374704518191007,0.5286856687655671
21.002193031284325,1.9448683019261823,-0.3274618980698718,0.16838766379599984,1.0843803390815894,-1.029110430209385,0.5257031691200735,0.19957287863594977,0.7482333323004484,0.5650274782157768
4.021606580856799,-2.947823513716429,0.28587633668134543,1.8809018878218873,-0.5733518505189716,0.4811123944637234,-0.12836287868753107,-0.34317494069813753,-0.3093069941474039,-0.23538903886739576
-17.90439864589373,2.4133923533213393,-0.4770890914761794,-0.3779293755807717,0.8944359029499415,-0.1547473973742767,0.5915921958603304,-0.32551430725152575,0.9848348250287645,0.41236433817012913
-7.610420970164652,2.735286408258159,0.5240971697694959,1.6451768926872536,1.1401808963170015,0.5142187143475078,-0.217728571202898,-0.3903429019746857,-0.10720394124823071,0.23790020932785036
1.0538244406929906,-0.4545831038998029,-0.6454462621769181,0.6585224587839685,-0.6976523100434345,-0.14060756278139608,-0.3286276349157869,-0.09020824327702649,0.21617938890506497,0.13876967516024644
18.443263632482125,-2.855611101894786,-2.80375645705538,-1.3761204336625787,-1.0753478226620643,-0.5434088748237123,0.350862276885766,0.07746275334356582,-0.29686342807712396,-0.027114320387286794
-4.527559458172711,1.91906959862606,-0.73000731799056,-0.4347408406618396,0.5542200037093062,0.7606621937395112,-0.0829345007201955,0.01351755973994349,0.08833207562111138,0.5129783228756306
-30.62893322069801,-1.751691225469145,-5.435205135513906,2.345959974615883,0.03173348386350659,-0.042621411230253405,-0.6825983487425401,0.48946303512061484,-0.25727261247738714,0.3717179867632232
-0.4472055571410423,-5.230302291336227,10.897419222496842,-0.09700486848719181,-0.49056724526858725,1.7723129963649313,-0.3763970154444023,-0.14564535829421155,0.1627199596512849,-1.1964511377424156
-20.680353269906192,9.815928366278953,1.9374161464140485,-2.4714094191662506,-0.9030583967696907,-1.0589740977310214,0.630692368923164,0.07260597208953644,0.3812053087828929,-0.15456326844421533
-7.308268161939243,2.7160204635291603,0.03848523222546522,-1.0959592159346474,0.6972860329132504,0.4889486698721361,-0.037414902838021964,-0.005497159040020452,0.37317400708472787,-0.1775723067192577
-24.55181111214055,-9.181108277164665,11.226478214966976,4.135329393821231,0.961516726007602,-0.9188701881494107,0.41805334494897795,0.19687478256351085,-0.1847010177761038,0.0141655419924248
21.73232212948669,3.230470582336693,-1.5691866891587989,2.071562784576524,-0.1896806800709759,-0.8721574096664391,0.7570254248834093,-0.6126266909760419,-0.7414748387220943,-0.43931372256844475
-19.258949892420897,0.16575214489051218,-2.3261286645412023,1.287060585892828,0.20651170765909965,0.47460179024976673,0.16014125607105933,-0.41364755983466195,-0.07663687604133534,0.14550336300778746
15.788766636567935,2.7630771995072765,0.7204131095882707,-2.5285483461879332,-0.3025987522894728,1.9884181064148552,0.8110323075235143,0.06381020636876278,-0.25904125481623647,0.11797309865777234
17.997210178382044,1.2676222388228953,0.6892492382195278,-2.7497949486149484,0.243494388555233,0.01903426290443309,-0.1331497668741182,-0.5244629829954978,-1.1984529540405826,-0.17667061732518793
-13.996574917157293,-6.155875385570015,-0.09559858896290974,1.6334489365418476,-1.1318266820280816,0.0933062903653848,0.07569029147704141,-0.08892809671444864,-0.1696119502773214,-0.12602348008700767
11.489238290127927,-2.9342932169548415,-3.526365207569984,-1.133946666295118,0.1425896457342522,-0.08213466504447522,-0.16729332200033986,-0.11636440630433241,-0.3116749573733222,-0.768338916599853
1.1769028237544923,25.012234791050894,-4.415033144076746,-4.509825529215401,0.5966969538390756,-0.9452022666805535,0.42231706899134547,-0.15963047509619813,-0.1894334124620392,0.19988305297854164
16.39915559795397,3.5846804063412296,2.1432603662509564,0.026181610804384508,-0.5181516608872339,-0.710839521569275,0.7477335604782768,0.23483543966325554,0.6878414223740636,-0.06804846316252953
9.272778643195267,-10.01432655307296,2.9932350708175655,1.1441924873857559,-1.2549035012006424,0.4229738550030214,1.262546551326129,-0.7613619637053287,0.3549476723924557,-1.0503423102271774
15.61804837031679,-2.226495161934525,-0.7713469816348141,-0.48400323233854414,-1.2273461094305016,-0.5781965947860498,-0.5731147072024368,0.5051791148316133,0.06626822434067785,0.7167787747094344
-38.73831487791106,2.473701776638001,-3.8595369684797656,1.4577911635832743,-0.6077191927538266,0.30799582132152176,-0.685357034374,-0.17844436749248688,-0.4521068919607746,0.5379094551452901
3.1983052845794573,8.08909192958033,-0.006594039636155617,-1.9065100052164925,0.9583862972967835,0.11857656491343366,0.36110889387073714,-0.6717098863760981,0.6852780465181473,0.38150595709995655
10.928019254748495,-0.13742828793873357,0.24294299772208305,1.4360309675807275,-0.21235509454078658,0.7067352753537715,-0.24663217944466723,-0.5453992817160268,-0.08191332139264103,0.6253662192234835
9.247956259828808,1.7449625450907928,1.5856070331974885,-3.3935992183914694,0.5233117523615467,0.3342944256718426,0.23218241807894782,-0.5268207506846904,0.07680512083840688,0.011393237620359549
-1.6772566348037428,1.2008786756807563,-2.249208511261575,1.6336035362084602,1.9519981389831036,-0.5078135761840882,0.5161366938384156,0.10248534791715061,0.03697846050951372,0.37363791488498077
-16.83016519887915,1.5276543045675546,-1.6489957762430238,-3.526501266594515,2.4405718157402263,-0.30989638345353226,-0.723454189020822,-0.16314426181809316,0.5730564999653299,-0.5378836157941733
-25.21100578751077,-0.44196856795699907,0.7710820294096937,0.7177242959945465,0.5263792166237695,-0.11272811104342481,-0.19369141584209018,0.5639835432877747,0.1855278467430277,0.930284026309841
8.479465931060002,6.524025117100606,1.6971921658951048,-4.364247716669211,0.31327388853546034,0.6519796978476747,-0.45026039851999344,-0.22590746243327556,-0.18016803573338408,-0.05911503576955159
19.568937601175715,8.799858899385589,1.7637503239248122,4.9592245452646,-1.2812725848717568,0.011140799084644258,-0.0557138890989487,0.424882658793908,0.5591391835016088,-0.6358941684291063
11.81282434358349,-1.5965775280336802,-1.6209041915257913,-2.426258858617166,0.5406619940249966,1.3228303637208862,0.17278902510124983,-0.2835862003659853,-0.8615557257987279,-0.6563983029227246
-8.068838554220184,-4.877394921506182,-4.1964409756472545,2.9115947454504356,0.13166845572371713,-0.3786798793742837,0.24786516266506975,0.025127980165506724,-0.007370894289614242,0.6243179997874546
1.3747947619805483,4.025883454899062,-1.6849944146237912,0.8855256454666537,0.8320810718716568,0.6318946320792698,-0.3635899874954543,0.5235963641450397,-0.08025034867776641,0.5176935808363213
-27.611430794371977,0.15918313338330894,-0.8423288826487972,0.8504110519269369,1.0335328534608033,-0.7053965500945865,0.01665295411118081,0.03531598202143323,-0.6165729494899873,-0.06176362754066803
-11.955704431196196,-1.5171059588068538,-0.533350805981384,1.3779390425836413,-0.37658892173925756,0.1811745459063765,-0.21576485516902663,0.027450097895124943,-0.3462731685606453,-0.20802515087082885
-11.359879619189732,3.139128068447553,-0.5113584802249832,0.9231239198639348,0.545763172955548,0.08750957662831056,-0.7536647295220228,0.3475003761487737,0.7864171036511697,-0.13588330223655942
-19.76059853539803,-8.061644365230451,-2.4719666819301733,0.006921795058700948,0.501883413865161,0.588118474575414,0.465563733317116,1.1246574448132376,0.09274476895065643,0.30657499411974887
18.858420276607323,-0.7480730387340443,-0.7800249321667292,-1.2326682118714278,-0.2819203471511039,-0.37500177104403193,-0.09334671542151912,-0.3932751601675509,0.4210708379773347,-0.4463194426573302
-23.64850525608437,2.750828134915,-0.9746441550626198,0.7410091987000982,-0.3923928198510965,0.08887671439810088,-0.28387932991200354,0.5615221112258418,-0.28923031630442647,-0.0035500227863428566
-11.938371522903058,5.840792033119979,-1.228537756729078,0.7494260747552471,0.6745861372368992,-0.5462902999323297,-0.2456063939055491,0.3222006755842255,0.020013157511916672,-0.26145944748148536
16.482249922188505,7.939266823926303,1.1358117331202593,4.977316538110588,-0.9440500907400649,-0.35926431412294085,-0.457443154644452,-1.1724522647108182,-0.37716801245197107,0.02145906011799637
-7.642927023811427,-10.985394423382278,12.396433202859246,-0.615662816416439,0.8014529365466851,-0.75834517230556,-0.250147502687885,-0.4535211165850246,-0.7385092111853672,0.39406244430287307
7.218124094059068,-2.127234409147501,1.3711301744320477,-1.5703596846788133,-0.1871492596860752,-0.0016796863226489081,-0.6529034662313375,0.3251928324885714,0.295534504110582,-0.24773362246609762
15.39294383089633,-2.0128789052565206,-1.1050627385943115,-0.4780495750013926,-1.5121557999673272,-0.22077291075856423,-0.11276161995590958,-0.11955775784073028,0.009732667731780543,0.2521868401276331
12.19852966572408,0.3201708982473459,2.3635746936836632,1.2264301627233314,1.4672963095533444,-0.8344342379355537,0.12172395895904867,0.4061465686837206,0.44641942052524614,0.0529821963492154
23.5698470713468,-2.5489627526362133,-1.9618799261128321,0.2921624156344541,-1.3522941761420824,0.027009028846527724,-0.5128480033728083,0.25549774673714254,0.614435164673058,0.3350244733393473
-23.559114749706247,2.0902219238309727,-1.8748954140467653,0.1581033819234312,1.2466510063627527,0.047779995362487344,-0.25028937681895097,0.5427221793907185,-0.7403056283803771,0.46023427707551234
23.372150792380854,-6.0525917085873155,-0.1698729834992171,0.17156495338591735,-1.6956203491416613,-0.8131253131551035,-0.8589095313099468,0.48817162072636894,0.18107614952639237,0.5654554024035443
3.2619992177430546,7.931251810641826,-0.11551334829296472,-2.1335098418611285,0.9102692165372357,0.3231555274536011,-0.033573693762946236,0.26685351599740254,-0.4123639587136404,-0.4268536368551164
-10.025738770338089,1.1808955698292385,-0.208581867115107,1.2262611474419545,0.8010594695328956,-0.028142610710195186,-0.3453473568107059,0.1641590293268767,-0.43437494149154277,0.43903592987731904
21.577982191923365,3.573570189556766,4.413523293977444,-0.7136110008413957,-0.10326591266777423,-0.7567953936808604,0.01234837627099485,0.0958027865629836,0.5523234458263909,-0.024987869073320047
5.77470026752982,-9.483948244445529,2.554224405670762,-0.6181415795278359,1.1208446873547064,-0.07965906179888123,-0.01865215046640183,0.37034960215161067,-0.4298838030938464,-0.40649305529858437
-14.210995406839315,-8.205907421295835,13.452262820932612,2.1188158678129168,3.563584405006741,-1.7182552061749072,-0.5201634091825741,0.15922034204188934,-0.11090728764066167,0.14276031985717302
47.54555489500996,6.3310327971284615,-8.193917565221268,2.340689589784632,6.152573798816668,1.3177759850260604,0.2656587031524856,-0.6170026156867858,-0.5348773529254653,0.3638428487547336
-3.9064228282035445,7.716142780659225,1.6655351574054291,-1.4759102447414585,-0.5826465958310262,-0.5270323129662389,0.06650989718790312,0.41773631792029237,-0.19222690836546924,-0.009690952432890533
14.593047706180908,-8.698815163580125,-1.64259340455485,-0.18727399303452294,1.3564191868137887,0.8259116418869238,0.1425045855395208,0.08286486969112952,-0.032198555801050986,-0.11120697377220527
-26.580287974847252,-6.241599660358335,-0.4210023276339207,3.2077809666342794,-0.238683207737297,0.650372536914295,0.2105110194668984,0.9250974937606515,-0.0837591514250102,0.24447207888486708
8.445988855050437,-3.6219147961149765,-0.05333353406873519,0.221717360754962,-2.240328321199302,-0.7978843770149106,0.20330063766738435,-0.009697452031828709,-0.263461398542132,0.47660630257701514
3.488385132537939,-1.1198190420486018,-2.1816337724734365,-1.7734100350373896,-0.173951560080197,-0.5516066245537237,0.4522972231007512,-0.028338118388204558,-0.04225830424134976,0.6499584174779749
16.554942243825632,-3.1499749763009715,1.0882131175117868,-0.3795091489521104,-0.2975820034404768,0.6965330813964459,-0.12827517690205398,-0.2974844380687819,0.46359577814223135,0.2560969335390425
17.698640169059445,-0.37253201629197247,-0.14293244752973153,-2.7099922497520663,0.049159486181564134,-0.29518799603603857,0.03475904478018484,0.6951114553409443,-0.26625005035802096,0.07965800374689143
-27.91272605459556,-6.66062044863854,-3.489353291356628,2.213161520010179,-1.7637437457222576,-0.17989115634224936,0.6862583267369317,-0.057137779745870615,0.311077369472372,-0.4394131171250704
31.83437733489631,-7.636592149980157,-1.9405368012030273,0.7425977233529216,-0.7143272310639873,-1.1273162195724165,-0.6774782836547365,1.084113371230366,0.5514906017441099,1.2633039492376104
-10.036384211551582,-3.550754482703114,-0.0705194487085972,1.0355303352014604,-0.887455248757794,-0.027923054988094772,-0.7630628668939634,-0.273841398409401,-0.051524350028905055,0.19212067345450515
-7.964025957148664,4.3370292513304305,-1.2409936824787056,0.7571901042597253,0.93332333774947,-0.627086908602203,0.012125237780556644,-0.11410900967634986,-0.20017800314693326,-0.18194815630878444
16.84595200566824,-4.717261071693716,-3.0127211008062065,0.5366626523872676,0.4237103044957692,0.6425054054565068,0.203963479692474,-0.1198411898647057,0.0071926047171479695,0.4790389574458286
-18.109943891076586,-0.6482133848516833,-3.024948201126116,1.2024004181769676,-0.751119605182759,0.7691885774930695,-0.17866098251172965,0.024632962569767516,0.31446488583994553,-0.4873192864891587
22.97745211686927,-2.751602899270654,-0.988357674615996,0.6713018088355719,1.2462229407332897,-0.7823593619867933,-0.43639784596297215,0.02520535557359127,0.02249997678127144,0.1111867333402515
0.6907079167759534,-0.6388384017011925,-1.3312359986859854,-0.9577518030144461,2.1807582093654037,-0.39814509035183276,0.06754618390750658,0.5845624899277081,-0.3904222531182985,-0.6081010099750093
-14.75169249033775,-0.8626196722943409,-2.8950949605134983,-0.3234563717743831,1.1955482738743985,0.5765957583531506,0.31215144196203987,0.0769831353053753,0.42696695646013366,-0.3986734656171156
14.490662591505263,1.0786469965762877,-0.3206054009662978,-3.2496151310886914,-1.040700724715231,-0.707098025796915,0.07904414984654784,0.2704582777336546,-0.29182841307967966,-0.03596444957449723
-23.04988753549262,1.3521446764447882,-0.9520820305171577,1.6462375429399756,-0.8166229673841897,0.8771752940862726,0.52607359536047,0.28096129751723725,0.4290848636729086,0.10714424778254752
-49.97504551348498,2.2590060938282144,-3.873080453995471,1.6751950879163624,-1.3565442054511103,0.8138409124486107,-0.4252833694843264,-0.2341057940892543,0.054080918245964775,-0.004623815549673052
4.541749646435748,5.986723809114967,3.2297130409340085,-3.3864074030403017,-0.0327345507456515,0.5230086413408631,-0.08244524785094093,0.17188555482521728,-0.20795820445402782,0.26455756216580617
5.363083060251365,-0.7267538349120123,-2.3603780522998146,-2.2636791703344876,0.0928013966543581,-0.7660257333320479,0.28989571486360344,0.14347571397056033,-0.17276444231196642,-0.20908737104609967
-31.723213385764513,-1.85318721278714,-3.1010094525933236,0.04218287292889385,-0.04347141015850069,-0.6482560718675354,0.36488257348044634,-0.02246099905263966,0.1574865414060664,-0.07754063109643353
7.200655784235623,0.9884695437622765,-1.5413603424499167,-1.850567121931669,-1.2197902024324867,-0.1451349032237937,0.785820235542947,0.5248318873193334,0.2054998262624887,0.20551087472073626
-24.356199493883402,0.3809576411389987,2.4917779765962536,1.4971730101751974,0.3676326679439831,-0.157565323659691,0.08493370054949356,-0.47439737118890957,0.23488287089438142,0.36527853174992686
-25.82433888083659,2.807396528720934,-1.9317681370130257,0.7800325381079203,0.5638349566708971,-0.1513909596317231,-0.11997284924097819,0.6631215692927855,-0.033411077578380306,0.09052458224122113
-16.55675883869338,0.8772360816998663,-1.6164548313458227,-0.14662190390344737,0.9323630660851528,-0.9965709371484553,0.9307353962620777,-0.006124184647210943,0.40785410140582273,-0.004948457844309563
7.5997759232039455,-10.409617621990355,-0.3758490780431419,-0.3078930348250741,-0.4819887972885387,-0.3130860632597824,-0.5411993611850523,-0.03706565802786132,-0.013949904954337468,-0.6222570006446535
-14.460846150223528,-5.909606006185701,-1.4175669592285127,2.192495437320522,0.20992918264880567,-0.0480946377974895,0.07140288308521715,0.06947335217214388,-0.7461043503196515,-1.1764436860989522
5.786369345487784,2.9536844436576466,0.9452365061581466,0.050600658012831354,0.42496202042974685,-0.058262053893359284,-0.18567944915767662,-0.800986913146922,1.0837535985022928,-0.26803170729921716
-6.127470319317429,-6.96377630637371,0.047063304605167194,2.400233284301983,-0.23362614511643237,-0.27736904127199885,-0.14615757889261188,-0.24461240917970797,0.07706284059190142,-0.32536228917865084
8.5981392779137,-2.843888690942537,-1.4795752220533533,-2.7507897355887296,0.6003174918888503,-0.3806007266121388,-0.17321371099968352,-0.18395248219456037,-0.232582926499923,0.11274847368955876
20.07017640196824,-4.742722374601741,0.5902777102051072,-2.7488413217840724,-2.045993904314605,-0.678744898548565,0.16808227517718768,-0.1565277802152964,0.09411934740939036,0.10981267542121421
-5.9863177692207366,2.266770096639888,-2.4758114493416383,0.09911549070059851,1.5154206545109152,-0.6611871530310484,0.41042236111305996,0.0762901081295551,0.7312008956408974,0.8485984906511562
27.388701051986185,-9.666168666016759,-2.50060787591146,1.5934821678703122,-1.0560271073732872,-0.47998178990404666,-0.3562199727366559,-0.2939770954328413,-0.43566897533560844,0.006126837059172978
16.3768812613276,-7.68395134346786,-2.465218537905939,-0.8649264443164126,-0.3578442265190023,-0.5661429484430084,0.08449925189662268,-0.3025541177711333,0.3899805762994785,-0.42841568039952965
-33.949552368730316,5.40417136028568,-1.1785905192627,-0.5947616606498717,0.591032763300196,-0.35384809425278996,0.16987103673055834,0.19799802551162218,0.022354074273412686,0.11381710164735695
25.391921914879113,-3.004836800908879,-1.7995616210239878,-0.659331937824004,-1.4022273954248439,-0.4965617809830082,-0.005494398026110982,-0.6098860575426054,0.09894243475674967,-0.10595381049590566
-31.901940210488256,-0.007186031922351723,-1.5176579449715384,2.145334322873055,0.5245068108070415,-0.7446023640903165,0.08344020712884694,-0.4671120365084564,-0.41692433644090554,0.5850400493543291
19.401313340609224,-1.0268717870511446,-0.37245567815251984,-2.1625339190408135,-0.45104308422754735,0.1888334407802493,0.5420819706740891,-0.11520546817499737,-0.10969081239496101,0.040577873479271165
-24.094525063066545,1.2883282098489242,-1.9207943675652133,0.29036513812573805,-0.1479898084618732,0.29309108112758586,-0.044785658399181034,0.33365205386796787,0.15477934595505452,0.03350846861517111
20.51944711699138,-1.915334077037866,-1.3226012844451531,0.18984891795848038,-1.1772890634827484,0.37518398710886164,-0.7985854175475771,0.13158906834977707,0.3975625406602108,0.1632585719214186
-1.626174848529303,2.553260468122355,0.6637557148582061,-2.1758292432533635,0.2298471365408268,0.14865520697368811,0.07388298666643761,-0.7587750714327565,0.0030418398059771606,0.09664562142984799
-27.693409044223976,-1.0171714890916468,-2.2343427790593577,1.0339246703883207,-1.5420769366179337,-0.33108847335196956,0.6938887984189764,0.12313220072866253,0.8913597433722229,-0.20563155554734064
18.660412274597203,1.448366373416484,-1.2999706371673894,-2.80142044256586,-0.2354008933582231,-0.4780189331261586,0.6606771459654464,0.09798137337220358,-0.3850434079767491,0.02820303391783384
8.180939746106942,-1.2280638051750967,-1.4099977425729768,-2.57728412318888,0.896958014252524,0.40787070460376557,-0.08836872704717501,0.261961232095234,-0.16066205177197773,-0.631218184818619
-4.891192063092608,4.812341472328775,0.5130114852769391,-3.153880982685831,-0.49870831110613656,0.01261439992644611,0.013227743300667179,-0.111267302782496,0.14252031047564667,0.31559523049392757
